{"map":{"getTokens":[174.5632500052452],"approve":[2171.002625003457,2204.575499996543,2236.6968750059605,2263.830624997616],"init":[3143.1275410056114],"getReserves":[251.05816701054573],"addLiquidity":[2700.00241599977],"transfer":[2294.7988340109587,2203.618917003274],"token0To1":[2534.1185410022736],"balanceOf":[155.8119580000639],"token1To0":[2943.4480410069227],"getShares":[160.45116598904133],"removeLiquidity":[2801.190124988556]}}