{"map":{"getTokens":[197.11816602945328],"approve":[2188.5299999713898,2105.419166982174,2120.8719579577446,2250.5109580159187],"init":[3629.332166969776],"getReserves":[127.99874997138977],"addLiquidity":[2544.8363330364227],"transfer":[2185.4249169826508,2092.78033298254],"token0To1":[2728.6015000343323],"balanceOf":[174.67870903015137],"token1To0":[2454.865750014782],"getShares":[135.02437502145767],"removeLiquidity":[2683.1962089538574]}}