{"map":{"getTokens":[189.1386250257492],"approve":[2318.6876250207424,2379.268958002329,2292.9457910060883,2280.677124977112],"init":[3490.6451660096645],"getReserves":[310.25133299827576],"addLiquidity":[2930.4543339908123],"transfer":[2264.9749580025673,2181.570167005062],"token0To1":[2686.720333993435],"balanceOf":[145.66487500071526],"token1To0":[2652.18620800972],"getShares":[138.58645901083946],"removeLiquidity":[2637.142917007208]}}