{"map":{"getTokens":[593.9157910048962],"approve":[5834.923290997744,5716.12591701746,11801.230625003576,2213.6793749928474],"init":[7991.897541999817],"getReserves":[760.6292079985142],"addLiquidity":[7130.372584015131],"transfer":[6263.301833987236,6825.019625008106],"token0To1":[13654.856625020504],"balanceOf":[1788.1942499876022],"token1To0":[2674.0536249876022],"getShares":[149.3896250128746],"removeLiquidity":[2392.8467079997063]}}