{"map":{"getTokens":[814.2880420088768],"approve":[2205.373000010848,2082.0672920048237,2458.4441670030355,4320.91712500155],"init":[3188.700832992792],"getReserves":[163.01400001347065],"addLiquidity":[2701.5159169882536],"transfer":[2453.154374986887,4320.91712500155],"token0To1":[2575.2511249929667],"balanceOf":[149.6196659952402]}}