{"map":{"getTokens":[184.91187499463558],"approve":[2228.766750007868,2128.782209008932,2177.6885830014944,2328.5227089971304],"init":[3585.900792002678],"getReserves":[415.4635830074549],"addLiquidity":[2778.856458991766],"transfer":[2176.1405840069056,2361.967624992132],"token0To1":[2639.4103749990463],"balanceOf":[102.93637499213219],"token1To0":[2916.132040992379],"getShares":[286.2843340039253],"removeLiquidity":[2718.0116249918938]}}