{"map":{"getTokens":[161.56612500548363],"approve":[2301.094166994095,2318.084207996726,2340.4008340090513,2202.33599999547],"init":[3158.642416998744],"getReserves":[251.21429200470448],"addLiquidity":[2441.3304580003023],"transfer":[2218.767000004649,2236.4382919967175],"token0To1":[3003.7041250020266],"balanceOf":[189.11266699433327],"token1To0":[2501.808541998267],"getShares":[171.3602920025587],"removeLiquidity":[2471.741624996066]}}