{"map":{"getTokens":[154.44908300042152],"approve":[2170.990332990885,2262.4371249973774,2216.675208002329,2279.0070410072803],"init":[3927.1280419826508],"getReserves":[144.04366698861122],"addLiquidity":[2623.2447910010815],"transfer":[2250.5215000212193,2220.128916978836],"token0To1":[2881.137250006199],"balanceOf":[120.22916701436043],"token1To0":[2748.7564159929752],"getShares":[149.48441699147224],"removeLiquidity":[2506.9002090096474]}}