{"map":{"getTokens":[180.85733300447464],"approve":[1948.1284999847412,1929.8952090144157,1982.2927910089493,1983.5487920045853],"init":[3769.348541021347],"getReserves":[110.97695797681808],"addLiquidity":[2526.6161249876022],"transfer":[1904.921333014965,1910.0281659960747],"token0To1":[2377.4078750014305],"balanceOf":[104.62316697835922],"token1To0":[2191.4189159870148],"getShares":[68.84233301877975],"removeLiquidity":[2046.9898750185966]}}