{"map":{"getTokens":[174.5671659708023],"approve":[2310.195042014122,2346.0979999899864,2364.522541999817,2252.0456250309944],"init":[3579.7475840449333],"getReserves":[121.69883400201797],"addLiquidity":[2784.1104580163956],"transfer":[2134.276959002018,2181.712791979313],"token0To1":[2478.182958006859],"balanceOf":[167.56520795822144],"token1To0":[2558.4098329544067],"getShares":[161.24879103899002],"removeLiquidity":[2720.6151660084724]}}