{"map":{"getTokens":[135.32283300161362],"approve":[3243.8627920001745,2008.9073750078678,2202.9582910090685,4230.987041994929],"init":[3165.104124993086],"getReserves":[192.5989170074463],"addLiquidity":[2921.3876670002937],"transfer":[2126.37070800364,2066.3449160009623],"token0To1":[2481.653333991766],"balanceOf":[166.59916600584984],"token1To0":[14974.440249994397],"getShares":[5249.91412499547],"removeLiquidity":[2311.4766660034657]}}