{"map":{"getTokens":[151.3441659808159],"approve":[2091.0535829663277,2044.6189169883728,2165.5669999718666,2220.8400419950485],"init":[3418.633041024208],"getReserves":[169.60854095220566],"addLiquidity":[2386.6672080159187],"transfer":[2107.4517499804497,2053.753750026226],"token0To1":[2299.1267499923706],"balanceOf":[112.66912496089935],"token1To0":[2443.088916003704],"getShares":[267.693499982357],"removeLiquidity":[2468.547416985035]}}