{"map":{"getTokens":[807.3749159872532],"approve":[4143.327625006437,2247.101958990097,2315.5945409834385,2254.951374977827],"init":[2918.587165981531],"getReserves":[218.71133401989937],"addLiquidity":[2653.5762909948826],"transfer":[2365.5889590084553,2275.4072499871254],"token0To1":[2845.270708024502],"balanceOf":[185.13783299922943],"token1To0":[5995.332666993141],"getShares":[4434.541417002678],"removeLiquidity":[9654.401542007923]}}