{"map":{"getTokens":[225.36570899188519],"approve":[2251.456915989518,2091.795292004943,2310.7153329998255,2100.746959000826],"init":[3677.8332089930773],"getReserves":[195.23100000619888],"addLiquidity":[2906.4327079951763],"transfer":[2430.138916000724,2125.8677079975605],"token0To1":[2667.4775830060244],"balanceOf":[194.88329200446606],"token1To0":[2426.4020830094814],"getShares":[334.1213340014219],"removeLiquidity":[2409.794291988015]}}