{"map":{"getTokens":[163.88866704702377],"approve":[2298.5594159960747,2091.4054170250893,2243.53008300066,4208.379042029381],"init":[3093.0086250305176],"getReserves":[121.81024998426437],"addLiquidity":[2665.251582980156],"transfer":[2200.2086669802666,2179.742417037487],"token0To1":[2617.985792040825],"balanceOf":[109.50125002861023],"token1To0":[2435.8083750009537],"getShares":[118.5791249871254],"removeLiquidity":[2449.8249160051346]}}