{"map":{"getTokens":[198.7890830039978],"approve":[2282.6619589924812,2239.2143750190735,2150.8174999952316,2254.101583003998],"init":[3474.074833035469],"getReserves":[162.52633398771286],"addLiquidity":[2661.8995000123978],"transfer":[2300.9275420308113,2062.4403750300407],"token0To1":[2718.453666985035],"balanceOf":[233.53775000572205],"token1To0":[3062.650790989399],"getShares":[119.915334045887],"removeLiquidity":[2397.4057919979095]}}