{"map":{"getTokens":[156.20012497901917],"approve":[2145.352624952793,2045.538416981697,2218.902584016323,2176.262875020504],"init":[3505.811959028244],"getReserves":[160.64433300495148],"addLiquidity":[2560.004791021347],"transfer":[2117.0620000362396,2051.5746670365334],"token0To1":[2480.878665983677],"balanceOf":[116.44741600751877],"token1To0":[2505.129375040531],"getShares":[155.12262499332428],"removeLiquidity":[2261.4350830316544]}}