{"map":{"getTokens":[675.0768330097198],"approve":[4626.261625021696,2134.8561670184135,2516.1713339984417,2331.7770000100136],"init":[5595.127083003521],"getReserves":[285.6449999809265],"addLiquidity":[2717.3255409896374],"transfer":[2214.522833019495,2178.5541250109673],"token0To1":[2758.427958995104],"balanceOf":[182.7706670165062],"token1To0":[2973.015832990408],"getShares":[183.78166699409485],"removeLiquidity":[2778.565333008766]}}