{"map":{"getTokens":[788.3866249918938],"approve":[5921.71850001812,4721.460166990757,11927.763334035873,2075.2191249728203],"init":[8204.761082947254],"getReserves":[702.1807920336723],"addLiquidity":[6559.581916987896],"transfer":[7808.7047919631,2080.6599580049515],"token0To1":[11842.81120800972],"balanceOf":[152.3039589524269],"token1To0":[2392.1255829930305],"getShares":[148.2281669974327],"removeLiquidity":[2469.0254170298576]}}