{"map":{"getTokens":[136.08420795202255],"approve":[2127.4787499904633,1994.0902500152588,2011.1489999890327,2128.0870419740677],"init":[3017.1308339834213],"getReserves":[111.15366697311401],"addLiquidity":[2279.1914579868317],"transfer":[1897.9182919859886,1968.7266669869423],"token0To1":[2614.581916987896],"balanceOf":[188.37562501430511],"token1To0":[2372.539582967758],"getShares":[73.52216702699661],"removeLiquidity":[2662.4479579925537]}}