{"map":{"getTokens":[167.2090420126915],"approve":[2273.518875002861,2112.2896660268307,2183.7819170057774,2237.1209999918938],"init":[3359.956707984209],"getReserves":[164.30275002121925],"addLiquidity":[2766.9937909841537],"transfer":[2149.228083014488,2242.0035419762135],"token0To1":[2472.736665993929],"balanceOf":[127.67979100346565],"token1To0":[2640.6401669979095],"getShares":[188.42654198408127],"removeLiquidity":[2518.826125025749]}}