{"map":{"getTokens":[166.04495897889137],"approve":[2086.696833997965,2128.996249973774,2291.4020830094814,2149.75766697526],"init":[3159.974334001541],"getReserves":[175.29175001382828],"addLiquidity":[2829.960416018963],"transfer":[2148.1166250109673,2104.0069999992847],"token0To1":[2344.8557909727097],"balanceOf":[300.9089580178261],"token1To0":[2638.4778329730034],"getShares":[108.68841698765755],"removeLiquidity":[2607.5162920057774]}}