{"map":{"getTokens":[148.33233299851418],"approve":[2345.854040980339,2047.8872079849243,2197.3580420017242,2163.0694999992847],"init":[3254.841542005539],"getReserves":[244.5438750088215],"addLiquidity":[2572.9514169991016],"transfer":[2106.8343330025673,2119.100374996662],"token0To1":[2478.0650839805603],"balanceOf":[124.67824998497963],"token1To0":[2436.8258750140667],"getShares":[245.63529202342033],"removeLiquidity":[2555.2113330066204]}}