{"map":{"getTokens":[125.58237498998642],"approve":[1985.5767080187798,1949.609916985035,1977.174499988556,2040.6919999718666],"init":[4164.5641250014305],"getReserves":[107.83937501907349],"addLiquidity":[2448.858458995819],"transfer":[1956.4447500109673,1919.7926669716835],"token0To1":[2519.4882499575615],"balanceOf":[88.07733297348022],"token1To0":[2491.770040988922],"getShares":[81.28179097175598],"removeLiquidity":[2481.3199999928474]}}