{"map":{"getTokens":[140.46200001239777],"approve":[2258.9615839719772,2136.252833008766,2582.3607079982758,2201.9479999542236],"init":[3475.3587909936905],"getReserves":[120.20895797014236],"addLiquidity":[2722.877958059311],"transfer":[2061.3027500510216,2248.1063330173492],"token0To1":[2633.6361249685287],"balanceOf":[105.504792034626],"token1To0":[2634.8640419840813],"getShares":[123.10204100608826],"removeLiquidity":[2548.7943339943886]}}