{"map":{"getTokens":[600.1870419979095],"approve":[2754.313041999936,2203.3408749997616,2250.087375000119,3010.1327089965343],"init":[3265.7527920007706],"getReserves":[443.5223339945078],"addLiquidity":[2849.589750006795],"transfer":[2118.954458013177,3779.5218749940395],"token0To1":[3047.135374993086],"balanceOf":[332.1607909947634],"token1To0":[2593.5668340027332],"getShares":[298.73974999785423],"removeLiquidity":[2414.084499999881]}}