{"map":{"getTokens":[207.09475004673004],"approve":[2319.2806659936905,2081.667417049408,2170.375750005245,2171.9146669507027],"init":[3824.7000420093536],"getReserves":[123.582917034626],"addLiquidity":[2532.3373339772224],"transfer":[2057.5285840034485,2256.9744579792023],"token0To1":[2561.6203750371933],"balanceOf":[257.82495898008347],"token1To0":[2402.752374947071],"getShares":[131.40445798635483],"removeLiquidity":[2642.2979170084]}}