{"map":{"getTokens":[208.94095900654793],"approve":[2276.121749997139,2251.660625010729,2286.1627909839153,2342.286707997322],"init":[3894.5719580054283],"getReserves":[165.31733399629593],"addLiquidity":[3071.5930420160294],"transfer":[2250.6355000138283,2113.962249994278],"token0To1":[2557.5411660075188],"balanceOf":[128.69620901346207],"token1To0":[2692.774957984686],"getShares":[159.69616600871086],"removeLiquidity":[2570.1344580054283]}}