{"map":{"getTokens":[146.61820900440216],"approve":[2259.1703749895096,2081.660542011261,2210.0740000009537,2190.951917052269],"init":[3653.964708030224],"getReserves":[159.60770899057388],"addLiquidity":[2828.898958027363],"transfer":[2124.429292023182,2141.1542080044746],"token0To1":[2775.459583044052],"balanceOf":[145.9208750128746],"token1To0":[2568.084541976452],"getShares":[138.10441702604294],"removeLiquidity":[2556.871249973774]}}