{"map":{"getTokens":[137.35175001621246],"approve":[2176.2817499637604,2166.875290989876,2287.3207499980927,2198.8308750391006],"init":[3515.2367500066757],"getReserves":[174.8237919807434],"addLiquidity":[2401.690874993801],"transfer":[2397.8175410032272,2110.070291996002],"token0To1":[2620.411583006382],"balanceOf":[130.04958301782608],"token1To0":[2330.4745829701424],"getShares":[112.55341601371765],"removeLiquidity":[2472.3232499957085]}}