{"map":{"getTokens":[173.12241698801517],"approve":[2382.846499994397,2233.160457998514,2309.2374999970198,2298.231541007757],"init":[3232.5562500059605],"getReserves":[246.73849999904633],"addLiquidity":[2696.727416008711],"transfer":[2409.7922080010176,2162.667042002082],"token0To1":[2794.0346250087023],"balanceOf":[117.28633399307728],"token1To0":[2523.9165000021458],"getShares":[116.22537499666214],"removeLiquidity":[2263.7533340007067]}}