{"map":{"getTokens":[145.44158405065536],"approve":[2202.0241670012474,2204.7528750300407,2248.2513329982758,2178.489166021347],"init":[3359.732667028904],"getReserves":[98.54079103469849],"addLiquidity":[2692.0915830135345],"transfer":[2100.802083015442,2083.975374996662],"token0To1":[2546.662083029747],"balanceOf":[144.56008303165436],"token1To0":[2507.534083008766],"getShares":[157.45154201984406],"removeLiquidity":[2420.3046249747276]}}