{"map":{"getTokens":[170.2681249976158],"approve":[2225.730875015259,2222.714958012104,2285.597083032131,2258.3451249599457],"init":[3511.9545419812202],"getReserves":[182.76558297872543],"addLiquidity":[2674.345708012581],"transfer":[2202.079542040825,2284.0175420045853],"token0To1":[2647.6461250185966],"balanceOf":[107.79779100418091],"token1To0":[2655.415082991123],"getShares":[147.50804197788239],"removeLiquidity":[2504.8102499842644]}}