{"map":{"getTokens":[160.34108299016953],"approve":[2284.5505830049515,2273.5092909932137,5637.876874983311,2462.7398749887943],"init":[3688.6543750166893],"getReserves":[105.58129200339317],"addLiquidity":[2421.301250010729],"transfer":[16174.152874976397,2129.684958010912],"token0To1":[2638.4979580044746],"balanceOf":[109.24229100346565],"token1To0":[2623.85045799613],"getShares":[110.70054200291634],"removeLiquidity":[2484.637167006731]}}