{"map":{"getTokens":[268.61675000190735],"approve":[2197.4045000076294,2126.3948330283165,2200.114332973957,2187.4440420269966],"init":[3739.8353750109673],"getReserves":[223.64737498760223],"addLiquidity":[3944.072041988373],"transfer":[2043.3527919650078,2047.9631249904633],"token0To1":[2575.146375000477],"balanceOf":[341.6860840320587],"token1To0":[2509.2405419945717],"getShares":[151.0685420036316],"removeLiquidity":[2417.9950000047684]}}