{"map":{"getTokens":[167.0351249575615],"approve":[2484.1507499814034,6104.558583974838,2264.3459169864655,2141.015709042549],"init":[3215.8909170031548],"getReserves":[102.98691695928574],"addLiquidity":[2778.9408329725266],"transfer":[2104.0008749961853,2328.6013749837875],"token0To1":[2438.9163339734077],"balanceOf":[109.26612496376038],"token1To0":[2656.9201250076294],"getShares":[126.30237501859665],"removeLiquidity":[2655.063916027546]}}