{"map":{"getTokens":[180.29529201984406],"approve":[2197.6208330392838,2145.268750011921,2236.9377920031548,2241.097292006016],"init":[3470.95433396101],"getReserves":[110.59174996614456],"addLiquidity":[2772.417833030224],"transfer":[2043.4275410175323,2094.756500005722],"token0To1":[2499.8996660113335],"balanceOf":[111.94191700220108],"token1To0":[2542.964166998863],"getShares":[150.18037497997284],"removeLiquidity":[2437.0178750157356]}}