{"map":{"getTokens":[1109.6394999921322],"approve":[8451.353042006493,3618.7204999923706,8109.836541980505,2283.957291007042],"init":[11952.95799997449],"getReserves":[750.7283340096474],"addLiquidity":[9261.999624997377],"transfer":[13325.807875007391,2212.6437499821186],"token0To1":[4886.871249973774],"balanceOf":[171.48266699910164],"token1To0":[2684.6691249907017],"getShares":[119.86066699028015],"removeLiquidity":[2667.2685829997063]}}