{"map":{"getTokens":[1077.9843330085278],"approve":[3467.8992500007153,5768.759249985218,2261.806208997965,2222.779666006565],"init":[5476.778166979551],"getReserves":[1300.7639580070972],"addLiquidity":[4089.2875829935074],"transfer":[3262.75775000453,2118.5067089796066],"token0To1":[2749.970332980156],"balanceOf":[158.48812499642372],"token1To0":[2968.4415000081062],"getShares":[142.99362501502037],"removeLiquidity":[2681.6093330085278]}}