{"map":{"getTokens":[1465.1625840067863],"approve":[2996.312208980322,4371.506417006254,7539.028957992792,2245.612834006548],"init":[6439.749332994223],"getReserves":[407.6742080152035],"addLiquidity":[5895.032375007868],"transfer":[3877.6215830147266,2064.7547909915447],"token0To1":[2613.4676669836044],"balanceOf":[217.41587498784065],"token1To0":[2937.8291250169277],"getShares":[219.7322090268135],"removeLiquidity":[2747.4526669979095]}}