{"map":{"getTokens":[170.98479199409485],"approve":[2242.4292500019073,2249.6564170122147,3188.4954999685287,2175.8407920002937],"init":[3345.021875023842],"getReserves":[176.61866700649261],"addLiquidity":[2686.542666018009],"transfer":[2210.067041039467,2130.9169590473175],"token0To1":[2547.7425419688225],"balanceOf":[152.0304999947548],"token1To0":[2674.253791987896],"getShares":[99.96516698598862],"removeLiquidity":[3669.629417002201]}}