{"map":{"getTokens":[160.8211669921875],"approve":[2258.3740409612656,2263.563250005245,2231.9092920422554,2181.1469590067863],"init":[3956.604125022888],"getReserves":[154.43208301067352],"addLiquidity":[2863.0521250367165],"transfer":[3190.568624973297,1973.3122909665108],"token0To1":[2424.2817499637604],"balanceOf":[129.91095805168152],"token1To0":[2592.896082997322],"getShares":[94.7447919845581],"removeLiquidity":[2543.6462909579277]}}