{"map":{"getTokens":[174.3752499818802],"approve":[2293.064457952976,2141.067207992077,2283.7898750305176,2267.885541975498],"init":[3093.2432909607887],"getReserves":[119.89733296632767],"addLiquidity":[2510.6632080078125],"transfer":[2213.3430410027504,2147.1483749747276],"token0To1":[2433.902749955654],"balanceOf":[132.17308402061462],"token1To0":[2569.783874988556],"getShares":[136.92250001430511],"removeLiquidity":[2444.3589169979095]}}