{"map":{"getTokens":[179.57083300000522],"approve":[2575.591749999963,2287.0356250000186,2193.107707999996,2225.806833999988],"init":[3431.038125000021],"getReserves":[209.50408300000709],"addLiquidity":[2600.566916999989],"transfer":[2149.4633330000215,2126.2569580000127],"token0To1":[2495.4530420000083],"balanceOf":[99.01437500002794],"token1To0":[2225.806833999988]}}