{"map":{"getTokens":[242.16766700148582],"approve":[2414.003457993269,2164.198624998331,2310.5609999895096,2306.037625014782],"init":[3411.6625829935074],"getReserves":[232.40054100751877],"addLiquidity":[2665.7182079851627],"transfer":[2086.2496249973774,2278.121416002512],"token0To1":[2587.3797920048237],"balanceOf":[109.92058297991753],"token1To0":[2521.7085419893265],"getShares":[131.8584589958191],"removeLiquidity":[2559.4768750071526]}}