{"map":{"getTokens":[169.23825001716614],"approve":[2271.3263750076294,2247.9778330028057,2107.2186249792576,2148.332542002201],"init":[3745.1989580094814],"getReserves":[277.8910000026226],"addLiquidity":[2597.606708019972],"transfer":[2352.2436670064926,2054.265707999468],"token0To1":[2783.1415419876575],"balanceOf":[120.1227500140667],"token1To0":[2371.662166029215],"getShares":[164.7025839984417],"removeLiquidity":[2483.745166003704]}}