{"map":{"getTokens":[174.79462499916553],"approve":[2267.4902920126915,2153.9381659924984],"init":[3120.022667005658],"getReserves":[186.2473340034485],"addLiquidity":[186.2473340034485]}}