{"map":{"getTokens":[155.62941700220108],"approve":[2259.159749984741,2138.1230829954147,2160.0800420045853,2089.724708020687],"init":[3339.6188339591026],"getReserves":[101.1873750090599],"addLiquidity":[2733.6158339977264],"transfer":[2279.7261669635773,2121.347791969776],"token0To1":[2669.2280839681625],"balanceOf":[106.35050004720688],"token1To0":[2627.5602499842644],"getShares":[179.22295796871185],"removeLiquidity":[2368.7965829968452]}}