{"map":{"getTokens":[155.39595797657967],"approve":[2318.9436669945717,2201.8598330020905,2347.5851249992847,2325.10266700387],"init":[3226.304333001375],"getReserves":[273.3297500014305],"addLiquidity":[2616.925042003393],"transfer":[2355.504415988922,2248.2221670150757],"token0To1":[2580.554083019495],"balanceOf":[280.04116702079773],"token1To0":[2577.775667011738],"getShares":[149.70874997973442],"removeLiquidity":[2490.998375028372]}}