{"map":{"getTokens":[157.06408298015594],"approve":[2138.247250020504,2033.0579159855843,2260.9294590353966,2159.4484590291977],"init":[4661.518957972527],"getReserves":[111.29162502288818],"addLiquidity":[2859.791375041008],"transfer":[2096.6053749918938,2158.9792500138283],"token0To1":[2451.2996250391006],"balanceOf":[122.75866597890854],"token1To0":[2536.293500006199],"getShares":[132.62637501955032],"removeLiquidity":[2622.194957971573]}}