{"map":{"getTokens":[176.40416699647903],"approve":[2209.0312089920044,2274.249583005905,2221.0710420012474,2203.638832986355],"init":[2983.307958960533],"getReserves":[104.32908296585083],"addLiquidity":[2626.2791659832],"transfer":[2095.9689170122147,2061.0532090067863],"token0To1":[2437.0281659960747],"balanceOf":[126.30970901250839],"token1To0":[2515.752332985401],"getShares":[111.27320796251297],"removeLiquidity":[2457.931416988373]}}