{"map":{"getTokens":[183.16149997711182],"approve":[2342.6634590029716,3333.8285000026226,2140.3258330225945,2256.761417001486],"init":[3497.1387920081615],"getReserves":[212.76016700267792],"addLiquidity":[2671.2007500231266],"transfer":[2326.8419170081615,2171.2551670074463],"token0To1":[2613.084249973297],"balanceOf":[166.728707998991],"token1To0":[2484.9885830283165],"getShares":[153.841334015131],"removeLiquidity":[2445.617208003998]}}