{"map":{"getTokens":[197.8487080335617],"approve":[2596.5426669716835,2323.488958001137,2227.8524589538574,2234.079041957855],"init":[3244.466500043869],"getReserves":[190.282290995121],"addLiquidity":[2993.7103329896927],"transfer":[2156.1242920160294,2084],"token0To1":[2583.377708017826],"balanceOf":[121.26795798540115],"token1To0":[2384.652624964714],"getShares":[112.48695802688599],"removeLiquidity":[2267.9455000162125]}}