{"map":{"getTokens":[165.95925000309944],"approve":[2272.9362909793854,3210.1446250081062,2205.1636250019073,2305.383082985878],"init":[3760.7857089936733],"getReserves":[189.2808749973774],"addLiquidity":[2843.8178749978542],"transfer":[2391.9133329987526,2068.785333007574],"token0To1":[2791.61712500453],"balanceOf":[127.60387501120567],"token1To0":[2663.9235000014305],"getShares":[128.461708009243],"removeLiquidity":[2584.0685420036316]}}