{"map":{"getTokens":[962.3487499952316],"approve":[5469.238458007574,6880.041042000055,2298.416292011738,2339.2235830128193],"init":[7328.573458999395],"getReserves":[163.07374998927116],"addLiquidity":[2655.1230829954147],"transfer":[2225.7294999957085,2157.63262501359],"token0To1":[2701.917499989271],"balanceOf":[165.66712501645088],"token1To0":[2642.304124981165],"getShares":[364.38795801997185],"removeLiquidity":[2518.788084000349]}}