{"map":{"getTokens":[170.7362499833107],"approve":[2320.49908298254,2099.1861659884453,2184.2457919716835,2270.8361669778824],"init":[3113.3729999661446],"getReserves":[119.16291695833206],"addLiquidity":[2708.39087498188],"transfer":[2159.065499961376,2187.619249999523],"token0To1":[2394.563916027546],"balanceOf":[103.53966701030731],"token1To0":[2449.6583750247955],"getShares":[168.21333301067352],"removeLiquidity":[2489.9276660084724]}}