{"map":{"getTokens":[160.60391700267792],"approve":[2210.0422499775887,2386.0617910027504,2310.3780829906464,2197.8564159870148],"init":[3206.8085839748383],"getReserves":[110.7422080039978],"addLiquidity":[2642.7698749899864],"transfer":[2162.122375011444,2268.4428339600563],"token0To1":[2458.9677079916],"balanceOf":[127.47137498855591],"token1To0":[2545.963250041008],"getShares":[130.20375001430511],"removeLiquidity":[2571.003875017166]}}