{"map":{"getTokens":[153.84191697835922],"approve":[2343.001666009426,2143.5184579491615,2226.7229999899864,2175.888125002384],"init":[3455.035959005356],"getReserves":[130.18429100513458],"addLiquidity":[2654.445999979973],"transfer":[2222.8385840058327,2090.124499976635],"token0To1":[2709.794250011444],"balanceOf":[128.12604200839996],"token1To0":[2646.3599579930305],"getShares":[122.40041697025299],"removeLiquidity":[2704.7964169979095]}}