{"map":{"getTokens":[172.17987495660782],"approve":[2257.7451249957085,2186.60949999094,2172.810666024685,2158.485666036606],"init":[3246.2529589533806],"getReserves":[137.23558300733566],"addLiquidity":[2573.116500020027],"transfer":[2157.6488340497017,2173.865459024906],"token0To1":[2585.6155000329018],"balanceOf":[110.74645900726318],"token1To0":[2453.8699589967728],"getShares":[181.38491702079773],"removeLiquidity":[2514.0907080173492]}}