{"map":{"getTokens":[132.04549999535084],"approve":[2152.2914579957724,2185.3010419905186],"init":[4516.6365830004215],"getReserves":[232.0292920023203],"addLiquidity":[232.0292920023203]}}