{"map":{"getTokens":[527.8769589960575],"approve":[4933.45324999094,3799.044375002384,5164.811874985695,7364.9856660068035],"init":[7711.212208002806],"getReserves":[863.1135829985142],"addLiquidity":[7303.30345800519],"transfer":[4528.282166004181,9451.321541011333],"token0To1":[6441.493458002806],"balanceOf":[1073.008709013462],"token1To0":[14189.197374999523],"getShares":[2735.8687500059605],"removeLiquidity":[18333.745916992426]}}