{"map":{"getTokens":[190.34895902872086],"approve":[2208.3246659636497,1953.1748340129852,2249.58029204607,2059.0228330492973],"init":[3402.088207960129],"getReserves":[105.41454195976257],"addLiquidity":[2857.6224589943886],"transfer":[2099.602333009243,2007.1745839715004],"token0To1":[2612.469166994095],"balanceOf":[128.25820797681808],"token1To0":[2525.222791969776],"getShares":[134.62187498807907],"removeLiquidity":[2444.0444999933243]}}