{"map":{"getTokens":[194.87683299183846],"approve":[2309.034833997488,2126.7263749986887,2343.839332997799,2422.3625829964876],"init":[3826.0473340004683],"getReserves":[193.86941701173782],"addLiquidity":[3062.6446250081062],"transfer":[2431.177542001009,2185.733708009124],"token0To1":[2358.7752499878407],"balanceOf":[284.01641699671745],"token1To0":[3043.415916994214],"getShares":[141.39337499439716],"removeLiquidity":[2448.756624996662]}}