{"map":{"getTokens":[255.10449999570847],"approve":[2293.8428750038147,2200.081791996956,2266.3771670013666,2273.335874989629],"init":[3912.9630419909954],"getReserves":[246.407708004117],"addLiquidity":[2698.5094999969006],"transfer":[2596.7585409879684,2166.672791004181],"token0To1":[2631.5702089965343],"balanceOf":[109.3660000115633],"token1To0":[2480.970291003585],"getShares":[158.87883299589157],"removeLiquidity":[2386.4439579993486]}}