{"map":{"getTokens":[196.52762500941753],"approve":[2248.912000000477,2248.912000000477]}}