{"map":{"getTokens":[152.79854202270508],"approve":[2165.538832962513,2075.2630830407143,2226.7963750362396,2178.215916991234],"init":[3725.87279099226],"getReserves":[104.09645795822144],"addLiquidity":[2845.854041993618],"transfer":[2166.240125000477,2066.836792051792],"token0To1":[2305.7300000190735],"balanceOf":[106.88716596364975],"token1To0":[2378.4407089948654],"getShares":[121.80666601657867],"removeLiquidity":[2578.2307919859886]}}