{"map":{"getTokens":[177.00441700220108],"approve":[2159.526749998331,2152.396583020687,2271.2497079968452,2363.7928749918938],"init":[3197.4278750121593],"getReserves":[153.3027920126915],"addLiquidity":[2946.4293749928474],"transfer":[2147.2350829839706,3140.8928330242634],"token0To1":[2784.852874994278],"balanceOf":[112.30529099702835],"token1To0":[2469.822457998991],"getShares":[294.00720900297165],"removeLiquidity":[2639.7333749830723]}}