{"map":{"getTokens":[199.22308300435543],"approve":[2264.8278750032187,2177.241916999221,2384.767625004053,2351.5545829981565],"init":[3482.592709004879],"getReserves":[102.07170900702477],"addLiquidity":[2553.4159159958363],"transfer":[2275.5597499907017,2240.952915996313],"token0To1":[2469.982291996479],"balanceOf":[138.31954100728035],"token1To0":[2657.0038329958916],"getShares":[152.89195799827576],"removeLiquidity":[2573.4677500128746]}}