{"map":{"getTokens":[462.7810000181198],"approve":[4449.282250016928,6176.689124971628,6330.1424579918385,2367.100374996662],"init":[5601.776583015919],"getReserves":[333.65379199385643],"addLiquidity":[3450.1637499928474],"transfer":[6960.502375006676,2167.9980410039425],"token0To1":[6322.271624982357],"balanceOf":[138.10137498378754],"token1To0":[2518.5158750116825],"getShares":[260.6983750164509],"removeLiquidity":[2535.4202499985695]}}