{"map":{"getTokens":[148.10124999284744],"approve":[2443.8887079954147,2100.712750002742,2272.264791995287,2213.2786670029163],"init":[3052.3028750121593],"getReserves":[131.85412499308586],"addLiquidity":[2780.030833005905],"transfer":[2275.6020410060883,2151.529582992196],"token0To1":[2656.74108299613],"balanceOf":[172.1486250013113],"token1To0":[2513.8092090040445],"getShares":[212.53229200839996],"removeLiquidity":[2547.696791008115]}}