{"map":{"getTokens":[190.61579102277756],"approve":[2294.160959005356,2119.4902920126915,2299.3617500066757,2263.09495896101],"init":[3577.0981249809265],"getReserves":[149.21420794725418],"addLiquidity":[2740.5490419864655],"transfer":[2220.0070829987526,2171.5608340501785],"token0To1":[2660.109790980816],"balanceOf":[126.44158399105072],"token1To0":[2604.39283400774],"getShares":[147.5963749885559],"removeLiquidity":[2443.1119170188904]}}