{"map":{"getTokens":[581.4239579737186],"approve":[4609.3884999752045,2388.4016249775887,4912.540458023548,9635.636542022228],"init":[4991.094541996717],"getReserves":[435.6277500092983],"addLiquidity":[6461.218542009592],"transfer":[4225.376249998808,7014.338332980871],"token0To1":[7442.452624976635],"balanceOf":[1195.279166996479],"token1To0":[9503.219166994095],"getShares":[2687.349666982889],"removeLiquidity":[18385.4989579916]}}