{"map":{"getTokens":[187.4992499947548],"approve":[2251.2750830054283,2385.2144580185413,2221.013541996479,2304.158333003521],"init":[3427.735500007868],"getReserves":[119.54987499117851],"addLiquidity":[2659.8915419876575],"transfer":[2398.4035420119762,2308.7117919921875],"token0To1":[3051.685833990574],"balanceOf":[140.424624979496],"token1To0":[2732.1635420024395],"getShares":[212.13783299922943],"removeLiquidity":[2500.1558749973774]}}