{"map":{"getTokens":[187.00650000572205],"approve":[2291.5209999978542,2025.8181249797344,2399.855708003044,2247.7925830185413],"init":[3338.422082990408],"getReserves":[143.84291699528694],"addLiquidity":[2656.6917919814587],"transfer":[2185.7885000109673,2160.6320829987526],"token0To1":[2658.9562079906464],"balanceOf":[137.94383299350739],"token1To0":[2481.0433749854565],"getShares":[143.05204099416733],"removeLiquidity":[2613.245709002018]}}