{"map":{"getTokens":[188.51362499594688],"approve":[2379.0281659960747,2297.763125002384,2261.8709999918938,2338.470749974251],"init":[3655.4725829958916],"getReserves":[174.27375000715256],"addLiquidity":[2732.65612500906],"transfer":[3248.6738329827785,2217.11620798707],"token0To1":[2533.8138750195503],"balanceOf":[218.20112499594688],"token1To0":[2880.920124977827],"getShares":[206.73116701841354],"removeLiquidity":[2543.1771669983864]}}