{"map":{"getTokens":[183.33554098010063],"approve":[2457.214542001486,2323.848374992609,2262.940124988556,2291.957708001137],"init":[3713.2528750002384],"getReserves":[176.786583006382],"addLiquidity":[2512.6807500123978],"transfer":[2263.796459019184,2204.5458329916],"token0To1":[2397.418415993452],"balanceOf":[252.09233298897743],"token1To0":[3040.2491660118103],"getShares":[141.36779099702835],"removeLiquidity":[2628.2465419769287]}}