{"map":{"getTokens":[151.49125000834465],"approve":[2280.6819580048323,2227.624709010124,2444.440667003393,2170.2090419977903],"init":[3423.1178340017796],"getReserves":[103.5838330090046],"addLiquidity":[2783.218417003751],"transfer":[2310.0970419943333,2206.2207089960575],"token0To1":[2718.682249993086],"balanceOf":[191.89283300936222],"token1To0":[2525.2373329997063],"getShares":[296.2938340008259],"removeLiquidity":[2684.9758329987526]}}