{"map":{"getTokens":[150.70233400166035],"approve":[2220.2163750082254,2341.842083990574,2392.5822920054197,2208.61183398962],"init":[3192.331708997488],"getReserves":[364.4030829966068],"addLiquidity":[2843.1487499922514],"transfer":[2242.8132920116186,2162.3433750122786],"token0To1":[2725.2292919903994],"balanceOf":[195.461624994874],"token1To0":[2656.9086249917746],"getShares":[211.5797500014305],"removeLiquidity":[2351.2423750013113]}}