{"map":{"getTokens":[154.6870000064373],"approve":[2291.919208019972,2211.785041987896,2235.246625006199,2115.0557499825954],"init":[3367.3954170048237],"getReserves":[121.05604100227356],"addLiquidity":[2821.7622920274734],"transfer":[2049.262875020504,2117.410166978836],"token0To1":[2502.7591660022736],"balanceOf":[116.87216699123383],"token1To0":[2503.2471249997616],"getShares":[123.0181659758091],"removeLiquidity":[2491.4952090084553]}}