{"map":{"getTokens":[181.33166699111462],"approve":[2321.45300000906,2168.9526250064373],"init":[2168.9526250064373]}}