{"map":{"getTokens":[158.72350001335144],"approve":[2277.1538749933243,2070.5147920250893,2288.7295419573784,2200.8430420160294],"init":[3560.633042037487],"getReserves":[108.7706670165062],"addLiquidity":[2680.1780839562416],"transfer":[2051.8027920126915,2310.108874976635],"token0To1":[2739.953791975975],"balanceOf":[112.84783399105072],"token1To0":[2725.680207967758],"getShares":[101.87124997377396],"removeLiquidity":[2419.067041993141]}}