{"map":{"getTokens":[182.4592919945717],"approve":[2344.238040983677,2160.2239159941673,2239.552457988262,2254.3268750309944],"init":[3487.8389580249786],"getReserves":[156.78325003385544],"addLiquidity":[2681.442833006382],"transfer":[2226.79800003767,2112.0072090029716],"token0To1":[2731.2552079558372],"balanceOf":[202.6932920217514],"token1To0":[2713.063957989216],"getShares":[143.83674997091293],"removeLiquidity":[2277.4437920451164]}}