{"map":{"getTokens":[102.57787501811981],"approve":[1920.6418750286102,1962.2832919955254,1954.8510000109673,1966.3805000185966],"init":[3531.3077090382576],"getReserves":[122.518374979496],"addLiquidity":[2291.6334170103073],"transfer":[2046.7944579720497,1791.0333750247955],"token0To1":[2654.440333008766],"balanceOf":[77.89329200983047],"token1To0":[2476.6814579963684],"getShares":[81.29487496614456],"removeLiquidity":[2462.7157910466194]}}