{"map":{"getTokens":[160.87670800089836],"approve":[2149.7820829749107,2103.590917021036,2137.603624999523,2196.975000023842],"init":[3443.312209010124],"getReserves":[107.09733298420906],"addLiquidity":[2719.175582975149],"transfer":[2118.934291988611,2143.4055420160294],"token0To1":[2600.5066660046577],"balanceOf":[102.51483398675919],"token1To0":[2480.5952500104904],"getShares":[128.92516699433327],"removeLiquidity":[2563.2862090170383]}}