{"map":{"getTokens":[177.2260420024395],"approve":[2349.7062090039253,2225.216542005539,2262.257541000843,2279.1514579951763],"init":[3085.0694999992847],"getReserves":[143.39108300209045],"addLiquidity":[2825.7141660153866],"transfer":[2222.6506250202656,2092.6330420076847],"token0To1":[2551.3202910125256],"balanceOf":[146.58675000071526],"token1To0":[2531.5489589869976],"getShares":[176.9734580218792],"removeLiquidity":[2446.728583008051]}}