{"map":{"getTokens":[173.1823329925537],"approve":[2288.3274160027504,2148.6467919945717,2459.929208010435,2383.1914579868317],"init":[3491.735957980156],"getReserves":[210.86587497591972],"addLiquidity":[2867.0756669938564],"transfer":[2208.2271249890327,2262.4629170000553],"token0To1":[2729.393750011921],"balanceOf":[219.25283402204514],"token1To0":[2700.3112919926643],"getShares":[147.83462500572205],"removeLiquidity":[2762.760791003704]}}