{"map":{"getTokens":[176.3482909798622],"approve":[2344.6089579463005,2191.808124959469,2218.73525005579,2140.0650419592857],"init":[3352.888541996479],"getReserves":[103.37962502241135],"addLiquidity":[2956.3282079696655],"transfer":[2094.3708750009537,2159.785292029381],"token0To1":[2371.7822499871254],"balanceOf":[200.54562497138977],"token1To0":[2546.0061669945717],"getShares":[133.03737497329712],"removeLiquidity":[2555.056625008583]}}