{"map":{"getTokens":[198.84183299541473],"approve":[2250.5502920150757,2115.7849999964237,2290.893665999174,2217.8679170012474],"init":[3409.9189580082893],"getReserves":[138.8742089867592],"addLiquidity":[2596.915374994278],"transfer":[2140.432583004236,2124.3400000035763],"token0To1":[2519.0740830004215],"balanceOf":[150.53083300590515],"token1To0":[2463.23412501812],"getShares":[104.29062500596046],"removeLiquidity":[2386.5400000214577]}}