{"map":{"getTokens":[155.66258400678635],"approve":[4157.983166992664,2149.4047499895096,2242.9854170084,2117.963957965374],"init":[2980.5858330130577],"getReserves":[170.23237496614456],"addLiquidity":[2510.206124961376],"transfer":[2105.2350410223007,2119.08045899868],"token0To1":[2497.356083035469],"balanceOf":[98.0157499909401],"token1To0":[2328.8694999814034],"getShares":[121.97899997234344],"removeLiquidity":[2324.26675003767]}}