{"map":{"getTokens":[170.2181659936905],"approve":[2358.565750002861,2056.8427919745445,2223.4240000247955,2174.7562080025673],"init":[3417.193833053112],"getReserves":[184.55387502908707],"addLiquidity":[2661.615291953087],"transfer":[2266.328334033489,2074.0078749656677],"token0To1":[2545.2839170098305],"balanceOf":[143.21549999713898],"token1To0":[2596.763958990574],"getShares":[124.72120898962021],"removeLiquidity":[2520.39141702652]}}