{"map":{"getTokens":[1202.6342079937458],"approve":[3476.956458002329,2355.5050829946995,3839.448292016983,20070.6290409863],"init":[3302.695875018835],"getReserves":[141.69600000977516],"addLiquidity":[3113.637290984392],"transfer":[2386.36945900321,10774.010416984558],"token0To1":[3473.8185420036316],"balanceOf":[381.3397080004215],"token1To0":[2763.317708015442],"getShares":[3006.653625011444],"removeLiquidity":[32724.5530000031]}}