{"map":{"getTokens":[169.31887501478195],"approve":[2225.2012909948826,2143.4542080163956,2201.561750024557,2247.5247910022736],"init":[2988.6165409982204],"getReserves":[114.00733399391174],"addLiquidity":[2616.1624580025673],"transfer":[2140.6927089989185,2113.1467500030994],"token0To1":[2586.585041999817],"balanceOf":[101.0474160015583],"token1To0":[2659.2095410227776],"getShares":[202.75083300471306],"removeLiquidity":[2426.410625010729]}}