{"map":{"getTokens":[189.2940000295639],"approve":[2167.3173330426216,2133.8750420212746,2193.8892080187798,2270.636708021164],"init":[3559.7965829968452],"getReserves":[146.76904100179672],"addLiquidity":[2447.3396670222282],"transfer":[2093.929874956608,2093.8775829672813],"token0To1":[2588.094375014305],"balanceOf":[120.1514590382576],"token1To0":[2563.4404579997063],"getShares":[161.32804197072983],"removeLiquidity":[2556.4759579896927]}}