{"map":{"getTokens":[156.0649999976158],"approve":[2353.3167499899864,2026.4716659784317,2350.8724580407143,2193.9529579877853],"init":[3051.4104999899864],"getReserves":[216.78554099798203],"addLiquidity":[2561.570041000843],"transfer":[2239.355124950409,2121.160125017166],"token0To1":[2722.4342089891434],"balanceOf":[122.95004099607468],"token1To0":[2648.184499979019],"getShares":[130.00445902347565],"removeLiquidity":[2313.5043749809265]}}