{"map":{"getTokens":[113.95262503623962],"approve":[1849.1361249685287,1901.3187499642372,2055.987625002861,2029.4749580025673],"init":[3186.7270410060883],"getReserves":[116.63800001144409],"addLiquidity":[2902.4100840091705],"transfer":[1770.2528330087662,1858.3369169831276],"token0To1":[2170.4216670393944],"balanceOf":[83.19425004720688],"token1To0":[2617.669916033745],"getShares":[239.5021659731865],"removeLiquidity":[2335.6886249780655]}}