{"map":{"getTokens":[154.26537500321865],"approve":[2318.4229999929667,2334.0444999933243,2216.5479580014944,2174.0625],"init":[3229.697999998927],"getReserves":[179.97420901060104],"addLiquidity":[2462.9370419979095],"transfer":[2168.042792007327,2203.6782909929752],"token0To1":[2614.6632499992847],"balanceOf":[373.9489170014858],"token1To0":[2174.0625]}}