{"map":{"getTokens":[849.4475420117378],"approve":[2873.2639580368996,6099.598500013351,10886.028750002384,24657.615249991417],"init":[7619.98483300209],"getReserves":[1041.6601250171661],"addLiquidity":[8354.361625015736],"transfer":[8364.540166974068,11193.07662498951],"token0To1":[13031.293708980083],"balanceOf":[2796.166541993618],"token1To0":[9647.408291995525],"getShares":[98.00158298015594],"removeLiquidity":[2302.544375002384]}}