{"map":{"getTokens":[141.59395897388458],"approve":[2219.97004199028,2147.268875002861,2266.243416965008,2089.2005410194397],"init":[3759.4679160118103],"getReserves":[230.26179099082947],"addLiquidity":[2385.9434170126915],"transfer":[2133.422625005245,2080.8286249637604],"token0To1":[2395.4913330078125],"balanceOf":[129.85820800065994],"token1To0":[2399.3720420002937],"getShares":[118.63591700792313],"removeLiquidity":[2623.054417014122]}}