{"map":{"getTokens":[170.23816700000316],"approve":[2201.943583000044,2073.503874999995,2173.550500000012,2225.78033400001],"init":[3405.1171249999898],"getReserves":[355.88770800002385],"addLiquidity":[2896.592417000036],"transfer":[3079.5441249999567,2069.167124999978],"token0To1":[2576.6362090000184],"balanceOf":[190.82112499995856],"token1To0":[2549.387625000032],"getShares":[143.822833000042],"removeLiquidity":[2757.1020000000135]}}