{"map":{"getTokens":[170.3430410027504],"approve":[2451.8989579975605,3187.3364999890327,7249.279082983732,2303.5842919945717],"init":[3684.761249989271],"getReserves":[174.07770800590515],"addLiquidity":[2678.420749992132],"transfer":[3776.134874999523,2164.5599159896374],"token0To1":[3001.897665977478],"balanceOf":[143.78512501716614],"token1To0":[2691.07245901227],"getShares":[319.0043339729309],"removeLiquidity":[2661.0023330152035]}}