{"map":{"getTokens":[194.32533299922943],"approve":[2298.0446249991655,2223.19420799613,2447.807374998927,2336.915709003806],"init":[3073.9091250002384],"getReserves":[193.74599999189377],"addLiquidity":[2986.9136670082808],"transfer":[2199.103790998459,2175.5507079958916],"token0To1":[2441.344582989812],"balanceOf":[145.90974999964237],"token1To0":[2394.3455000072718],"getShares":[138.0576669871807],"removeLiquidity":[2891.0534590035677]}}