{"map":{"getTokens":[162.89295798540115],"approve":[2298.6094169914722,2113.3204160034657,2092.016375005245,2209.105708003044],"init":[3197.1116249859333],"getReserves":[170.71125000715256],"addLiquidity":[2430.275458008051],"transfer":[2165.835916996002,3115.60279199481],"token0To1":[2636.534583002329],"balanceOf":[131.69304099678993],"token1To0":[2465.6817919909954],"getShares":[119.05966597795486],"removeLiquidity":[2450.3839580118656]}}