{"map":{"getTokens":[195.62679201364517],"approve":[2231.317416995764,2127.276749998331,2179.1983749866486,2209.2423750162125],"init":[3559.6122500002384],"getReserves":[302.64079198241234],"addLiquidity":[2992.442124992609],"transfer":[2306.9610420167446,2200.286291986704],"token0To1":[2781.834625005722],"balanceOf":[164.3676669895649],"token1To0":[2604.84375],"getShares":[157.53033301234245],"removeLiquidity":[2452.246459007263]}}