{"map":{"getTokens":[174.3582499921322],"approve":[2358.8341670036316,4012.392792016268,2227.735957980156,2232.8665420114994],"init":[2943.5179999768734],"getReserves":[108.80958297848701],"addLiquidity":[3046.780541986227],"transfer":[2184.8509579896927,2211.212792009115],"token0To1":[2574.9324170053005],"balanceOf":[150.16145798563957],"token1To0":[2363.3612920045853],"getShares":[182.4712499976158],"removeLiquidity":[2549.0266670286655]}}