{"map":{"getTokens":[184.81479197740555],"approve":[2287.853917002678,2074.7672500014305,2240.808207988739,2288.423166036606],"init":[3011.371209025383],"getReserves":[210.53883302211761],"addLiquidity":[2445.3787080049515],"transfer":[2089.003374993801,5219.834250032902],"token0To1":[2394.506792008877],"balanceOf":[114.50120902061462],"token1To0":[2784.8504590392113],"getShares":[117.80329203605652],"removeLiquidity":[2381.7561660408974]}}