{"map":{"getTokens":[7.973124995827675],"approve":[52.357375003397465,66.78354199975729,43.76470800489187,37.50808399915695],"init":[221.72879199683666],"getShares":[6.504875004291534],"getReserves":[8.186709001660347],"addLiquidity":[142.2096659988165],"transfer":[62.265417002141476,39.02125000208616],"token0To1":[134.6443750038743],"balanceOf":[5.055208005011082],"token1To0":[121.64495799690485],"removeLiquidity":[85.84574999660254]}}