{"map":{"getTokens":[8.856792002916336],"approve":[35.1798329949379,46.511583998799324,56.92287500202656,43.63691699504852],"init":[153.910499997437],"getReserves":[5.956083998084068],"addLiquidity":[140.17883300036192],"transfer":[60.61916600167751,42.732707999646664],"token0To1":[115.01791600137949],"balanceOf":[5.323750004172325],"token1To0":[106.2180420011282],"getShares":[7.0658750012516975],"removeLiquidity":[49.17954199761152]}}