{"map":{"getTokens":[3.926333002746105],"approve":[40.894416995346546,68.30425000190735,34.92766600102186,38.013291999697685],"init":[136.3048329949379],"getShares":[7.356250002980232],"getReserves":[8.429416999220848],"addLiquidity":[154.95766600221395],"transfer":[66.70658300071955,65.39225000143051],"token0To1":[117.90412499755621],"balanceOf":[5.073583997786045],"token1To0":[143.46954200416803],"removeLiquidity":[97.8982499986887]}}