{"map":{"getTokens":[4.03575000166893],"approve":[44.464625000953674,27.49508399516344,33.65074999630451,43.971249997615814],"init":[148.7587080001831],"getShares":[8.939666993916035],"getReserves":[3.1502920016646385],"addLiquidity":[92.04937499761581],"transfer":[43.23966699838638,70.63475000113249],"token0To1":[101.78095799684525],"balanceOf":[7.333084002137184],"token1To0":[153.46462500095367],"removeLiquidity":[107.81979199498892]}}