{"map":{"getTokens":[18.542625002563],"approve":[56.92374999821186,22.409083999693394,56.9227499961853,47.7782079949975],"init":[234.49508299678564],"getShares":[3.9529170021414757],"getReserves":[6.541250005364418],"addLiquidity":[120.61975000053644],"transfer":[56.959458999335766,89.25091700255871],"token0To1":[134.80391699820757],"balanceOf":[17.300041005015373],"token1To0":[137.14558300375938],"removeLiquidity":[124.97183400392532]}}