{"map":{"getTokens":[8.741208001971245],"approve":[44.30866699665785,29.63858400285244,50.48112500458956,26.068417005240917],"init":[219.89370900392532],"getShares":[7.272459000349045],"getReserves":[17.562624998390675],"addLiquidity":[181.1982919946313],"transfer":[55.785624995827675,64.03966699540615],"token0To1":[183.0211250036955],"balanceOf":[6.993041001260281],"token1To0":[152.5596669986844],"removeLiquidity":[125.61112499982119]}}