{"map":{"getTokens":[18.0197080001235],"approve":[55.62624999880791,35.0934170037508,41.36691599339247,52.8481669947505],"init":[179.79654199630022],"getReserves":[4.85462499409914],"addLiquidity":[155.38879100233316],"transfer":[53.493833996355534,60.05900000035763],"token0To1":[109.54808399826288],"balanceOf":[4.947416998445988],"token1To0":[103.4257920011878],"getShares":[8.76129200309515],"removeLiquidity":[100.8464170023799]}}