{"map":{"getTokens":[3.532291002571583],"approve":[52.13108400255442,46.23962499946356,59.95075000077486,38.219542004168034],"init":[224.7785840034485],"getShares":[6.2609589993953705],"getReserves":[15.994833000004292],"addLiquidity":[85.22879200428724],"transfer":[46.44749999791384,29.0507920011878],"token0To1":[121.18154200166464],"balanceOf":[5.62745800614357],"token1To0":[142.62437500059605],"removeLiquidity":[108.75520899891853]}}