{"map":{"getTokens":[405.1397089958191],"approve":[9608.47941699624,12257.109665989876],"init":[11470.570459008217,11470.570459008217]}}