{"map":{"getTokens":[501.6716250181198],"approve":[9216.110291957855,11767.148041963577,12053.59212499857,25202.48295801878],"init":[46053.7398750186],"getReserves":[298.8557090163231],"addLiquidity":[12503.089625000954],"transfer":[10097.407333016396,10638.236707985401],"token0To1":[12419.58941602707],"balanceOf":[308.6263750195503],"token1To0":[23140.93270802498],"getShares":[307.87700003385544],"removeLiquidity":[22142.618791997433]}}