{"map":{"getTokens":[1280.680166989565],"approve":[16663.074416011572,10267.823291003704,13150.073624998331,20148.52741700411],"init":[12340.221125006676],"getReserves":[352.7831249833107],"addLiquidity":[10891.946000009775],"transfer":[12393.174374997616,22139.66804200411],"token0To1":[61294.054708004],"balanceOf":[315.7031660079956],"token1To0":[19738.218542009592,19738.218542009592]}}