{"map":{"getTokens":[356.11166700720787],"approve":[14239.910334020853,7335.194041997194,23490.922625005245,12246.785833984613],"init":[37406.25787499547],"getReserves":[305.2917500138283],"addLiquidity":[9494.500084012747],"transfer":[11321.42350000143,20756.665416002274],"token0To1":[14153.191041976213],"balanceOf":[308.94687500596046],"token1To0":[11114.507375001907],"getShares":[314.9549170136452],"removeLiquidity":[12538.345667004585]}}