{"map":{"getTokens":[382.2490419745445],"approve":[8325.719999969006,11140.116249978542,9216.960916042328,9059.37358301878],"init":[24332.30316698551],"getReserves":[673.3995419740677],"addLiquidity":[19033.909124970436],"transfer":[11239.897042036057,23337.707000017166],"token0To1":[11315.81745904684],"balanceOf":[641.9611250162125],"token1To0":[22560.2014580369],"getShares":[362.7895420193672],"removeLiquidity":[8412.276207983494]}}