{"map":{"getTokens":[381.10320898890495],"approve":[17826.24062499404,6869.344042003155],"init":[6869.344042003155]}}