{"map":{"getTokens":[362.6496669650078],"approve":[9673.420916974545,11114.05970799923,11890.305792033672,19231.943207979202],"init":[11158.992916941643],"getReserves":[313.90754199028015],"addLiquidity":[10433.463917016983],"transfer":[12131.551499962807,12135.204333007336],"token0To1":[11553.59529197216],"balanceOf":[310.9717920422554],"token1To0":[29513.470417022705],"getShares":[392.6987919807434],"removeLiquidity":[9155.854333996773]}}