{"map":{"getTokens":[509.42204195261],"approve":[26829.73933303356,10169.736957967281,9387.118917047977,10500.141040980816],"init":[11560.502666950226],"getReserves":[315.52370804548264],"addLiquidity":[7223.863792002201],"transfer":[12874.78158301115,8349.812417030334],"token0To1":[10259.31033295393],"balanceOf":[324.2807909846306],"token1To0":[11773.9375],"getShares":[321.35537499189377],"removeLiquidity":[8177.347999989986]}}