{"map":{"getTokens":[501.24779099226],"approve":[15287.441374987364,11254.827416986227],"init":[11254.827416986227]}}