{"map":{"getTokens":[526.6539579629898],"approve":[12133.935249984264,13125.195374965668,13499.161125004292,11255.176792025566],"init":[12448.481500029564],"getReserves":[316.8756670355797],"addLiquidity":[9188.272624969482],"transfer":[11690.364916026592,11393.960207998753],"token0To1":[10268.753208994865],"balanceOf":[309.23862504959106],"token1To0":[11116.00116699934],"getShares":[304.89304196834564],"removeLiquidity":[10307.969416975975]}}