{"map":{"getTokens":[488.90170799195766],"approve":[28147.71716699004,12191.197791993618,12386.073417007923,12106.395457997918],"init":[11116.823665991426],"getReserves":[307.366416990757],"addLiquidity":[15445.4174580127],"transfer":[6382.371791005135,11956.136500000954],"token0To1":[11141.416541993618],"balanceOf":[321.20370799303055],"token1To0":[12698.038000002503],"getShares":[365.621124997735],"removeLiquidity":[9439.707249999046]}}