{"map":{"getTokens":[359.4810419976711],"approve":[12419.980374991894,11344.203332990408,12455.214750021696,25771.43416699767],"init":[12723.858291000128],"getReserves":[309.8693750202656],"addLiquidity":[9464.371791988611],"transfer":[12156.497916996479,7678.509708017111],"token0To1":[25306.878291010857],"balanceOf":[313.4025419950485],"token1To0":[10926.266125023365],"getShares":[307.3316659927368],"removeLiquidity":[10191.296499997377]}}