{"map":{"getTokens":[358.7647500038147],"approve":[12170.4022090137,12870.407916992903,20233.816915988922,11625.136875003576],"init":[11996.161375015974],"getReserves":[297.5463750064373],"addLiquidity":[9725.66375002265],"transfer":[13029.45149999857,8132.872624993324],"token0To1":[17284.694791018963],"balanceOf":[300.224417001009],"token1To0":[24304.65566700697],"getShares":[490.2590419948101],"removeLiquidity":[9427.22950002551]}}