{"map":{"getTokens":[345.63254195451736],"approve":[12219.15570896864,5447.304292023182,13421.691415965557,12508.083000004292],"init":[12091.529209017754],"getReserves":[306.4647500514984],"addLiquidity":[11114.929583013058],"transfer":[10140.257082998753,10035.378624975681],"token0To1":[22745.882916986942],"balanceOf":[404.8837500214577],"token1To0":[11246.272583007812],"getShares":[1542.816291987896],"removeLiquidity":[22243.455291986465]}}