{"map":{"getTokens":[360.8379160016775],"approve":[360.8379160016775]}}