{"map":{"getTokens":[387.8835420012474],"approve":[10240.536082983017,12526.37454199791,12819.350916981697,11252.979250013828],"init":[23321.092415988445],"getReserves":[316.623959004879],"addLiquidity":[12284.160959005356],"transfer":[9335.633708000183,10520.201207995415],"token0To1":[11158.979375004768],"balanceOf":[878.393875002861],"token1To0":[12417.072167038918],"getShares":[302.989333987236],"removeLiquidity":[10812.95320802927]}}