{"map":{"getTokens":[393.9645000100136],"approve":[6122.189291000366,11402.034500002861,11894.989082992077,12155.874792039394],"init":[13608.486750006676],"getReserves":[314.1878749728203],"addLiquidity":[9348.318542003632],"transfer":[12279.849083960056,11123.44029200077],"token0To1":[10114.30091702938],"balanceOf":[313.095458984375],"token1To0":[11202.65804195404],"getShares":[354.4591670036316],"removeLiquidity":[12048.420540988445]}}