{"map":{"getTokens":[395.0297909975052],"approve":[14554.371917009354,11334.018958032131,9728.586332976818,9877.742958009243],"init":[11637.878042042255],"getReserves":[326.46383303403854],"addLiquidity":[20178.40216600895],"transfer":[10711.229624986649,7995.189791977406],"token0To1":[12008.536333978176],"balanceOf":[470.7148340344429],"token1To0":[35655.13562500477],"getShares":[406.6001669764519],"removeLiquidity":[8717.864625036716]}}