{"map":{"getTokens":[405.2680839896202],"approve":[9271.026709020138,11742.66975003481,11342.148458003998,9840.68891698122],"init":[12343.788332998753],"getReserves":[306.5342909693718],"addLiquidity":[10081.328082978725],"transfer":[13044.79825001955,12380.612208008766],"token0To1":[11280.166583001614],"balanceOf":[309.4228330254555],"token1To0":[11460.778792023659],"getShares":[310.73383301496506],"removeLiquidity":[12863.278625011444]}}