{"map":{"getTokens":[545.3227079957724],"approve":[32463.95879200101,12704.00279200077,13262.951832994819,10381.464499995112],"init":[22038.776333004236],"getReserves":[303.4682080000639],"addLiquidity":[47197.77420799434],"transfer":[11490.75637499988,12123.14245800674],"token0To1":[10377.46529199183],"balanceOf":[296.96795900166035],"token1To0":[12490.749833002687],"getShares":[325.5190420001745],"removeLiquidity":[10200.141542002559]}}