{"map":{"getTokens":[359.703125],"approve":[16055.354041993618,23117.51516699791,13199.963915973902,9865.4490840137],"init":[11072.038041979074],"getReserves":[312.8762499988079],"addLiquidity":[12586.35820800066],"transfer":[12383.849749982357,8549.430041998625],"token0To1":[13077.933791011572],"balanceOf":[305.3630000054836],"token1To0":[11232.240709006786],"getShares":[303.1453749835491],"removeLiquidity":[10300.22637501359]}}