{"map":{"getTokens":[354.5139999985695],"approve":[8142.991083025932,11135.798457980156,11278.562292039394,11282.13820797205],"init":[11150.103833019733],"getReserves":[311.83025002479553],"addLiquidity":[13140.266957998276],"transfer":[11425.305249989033,12149.139958024025],"token0To1":[10417.875416994095],"balanceOf":[304.6649169921875],"token1To0":[12476.537540972233],"getShares":[307.35358303785324],"removeLiquidity":[10652.716499984264]}}