{"map":{"getTokens":[349.34716698527336],"approve":[20445.83287501335,9775.75833299756,12563.741000026464,11208.836416989565],"init":[11706.999958008528],"getReserves":[306.45320799946785],"addLiquidity":[24205.16166600585],"transfer":[10292.959834009409,23090.824582993984],"token0To1":[11489.043041020632],"balanceOf":[303.7035410106182],"token1To0":[12674.798333019018],"getShares":[301.3317920267582],"removeLiquidity":[23505.946249991655]}}