{"map":{"getTokens":[467.1189169883728],"approve":[21615.64733299613,12757.613332986832,18505.874792009592,10501.434082984924],"init":[12193.351792007685],"getReserves":[863.051499992609],"addLiquidity":[22212.34616598487],"transfer":[21374.084833979607,17694.58887499571],"token0To1":[33420.88937500119],"balanceOf":[1711.8136250078678],"token1To0":[13299.769333988428],"getShares":[303.04133301973343],"removeLiquidity":[13732.48287498951]}}