{"map":{"getTokens":[1021.9865419864655],"approve":[14843.679917007685,11611.694707989693,11481.119875013828,10490.44279101491],"init":[11150.541166990995],"getReserves":[796.4690419733524],"addLiquidity":[10550.705583006144],"transfer":[13292.556208014488,13000.152792006731],"token0To1":[10234.840083003044],"balanceOf":[297.0857079923153],"token1To0":[12658.520125001669],"getShares":[296.9187500178814],"removeLiquidity":[17635.93912500143]}}