{"map":{"getTokens":[380.4954169988632],"approve":[4383.199166983366,12251.951416999102,22515.374707996845,8171.802625000477],"init":[10354.155750006437],"getReserves":[309.6898750066757],"addLiquidity":[13370.550708025694],"transfer":[11093.09783399105,13411.743667006493],"token0To1":[12183.66908299923],"balanceOf":[320.3423749804497],"token1To0":[13699.406666994095],"getShares":[315.7835839986801],"removeLiquidity":[11020.323083996773]}}