{"map":{"getTokens":[394.25983300060034],"approve":[21814.85058300197,21595.811667002738],"init":[21595.811667002738]}}