{"map":{"getTokens":[389.1995829939842],"approve":[47741.39879202843,12532.0787910223,14069.587041974068,11137.57570797205],"init":[12039.539209008217],"getReserves":[354.4444580078125],"addLiquidity":[10495.097999989986],"transfer":[10620.679083049297,35848.341917037964],"token0To1":[9558.886624991894],"balanceOf":[435.6952500343323],"token1To0":[12379.80033403635],"getShares":[395.606291949749],"removeLiquidity":[10751.867208003998]}}