{"map":{"getTokens":[341.82549999654293],"approve":[14726.865333005786,11453.37695799768,12175.814499989152,13307.264750003815],"init":[12257.071125000715],"getReserves":[566.7624170035124],"addLiquidity":[13340.78704200685],"transfer":[8047.788665995002,10951.24270901084],"token0To1":[11385.549917012453],"balanceOf":[298.31129199266434],"token1To0":[10762.329042002559],"getShares":[301.8574170023203],"removeLiquidity":[12019.589916989207]}}