{"map":{"getTokens":[365.1355829834938],"approve":[11499.88287499547,13091.330500006676,10003.182792007923,47859.649499982595],"init":[22837.648874998093],"getReserves":[303.2845410108566],"addLiquidity":[10268.39212501049],"transfer":[12325.968667000532,23151.240999996662],"token0To1":[13167.52454200387],"balanceOf":[311.42395797371864],"token1To0":[12298.365042001009],"getShares":[297.75016701221466],"removeLiquidity":[9825.238332986832]}}