{"map":{"getTokens":[374.8299580216408],"approve":[9079.544667005539,13323.189292013645,10445.447458982468,11101.22220903635],"init":[23404.35670799017],"getReserves":[302.3331249952316],"addLiquidity":[11516.185667037964],"transfer":[23407.710749983788,10321.699582993984],"token0To1":[12118.820499956608],"balanceOf":[306.95179200172424],"token1To0":[13232.8420830369],"getShares":[297.0354999899864],"removeLiquidity":[22004.40237504244]}}