{"map":{"getTokens":[951.82037499547],"approve":[8508.77045801282,13193.081375002861,12078.456833004951,12439.445082992315],"init":[13380.18633300066],"getReserves":[5246.215209007263],"addLiquidity":[43929.2449170053],"transfer":[12424.871417015791,12022.419375002384],"token0To1":[21172.73320800066],"balanceOf":[321.5335830152035],"token1To0":[23159.21099999547],"getShares":[571.4530420005322],"removeLiquidity":[15554.588749974966]}}