{"map":{"getTokens":[554.4222909808159],"approve":[11574.569333016872,10302.326208025217,10611.153667002916,10467.965999990702],"init":[12372.452125012875],"getReserves":[341.4963329732418],"addLiquidity":[12709.978124976158],"transfer":[11299.612417012453,9260.151750028133],"token0To1":[13252.563666015863],"balanceOf":[304.00900000333786],"token1To0":[13543.181417018175],"getShares":[311.73695799708366],"removeLiquidity":[10624.866209000349]}}