{"map":{"getTokens":[351.59241700172424],"approve":[8462.713250041008,23433.767084002495,11716.802083015442,35734.096333026886],"init":[49264.79616600275],"getReserves":[305.8481670022011],"addLiquidity":[12513.698624968529],"transfer":[8449.907667040825,10460.068166971207],"token0To1":[12470.698584020138],"balanceOf":[311.39379101991653],"token1To0":[10806.60954195261],"getShares":[324.2395420074463],"removeLiquidity":[10283.731167018414]}}