{"map":{"getTokens":[572.6544159948826],"approve":[9565.339417010546,11922.507667005062,11690.542165994644,12080.099250003695],"init":[10688.260416001081],"getReserves":[302.2335420101881],"addLiquidity":[37575.917875006795],"transfer":[20492.66075000167,9556.161292001605],"token0To1":[13244.357124999166],"balanceOf":[325.5097079873085],"token1To0":[12080.099250003695]}}