{"map":{"getTokens":[351.6244159936905],"approve":[25113.704374998808,11541.774709016085,11901.420457988977,10079.58183401823],"init":[11154.297834008932],"getReserves":[302.9100410044193],"addLiquidity":[10052.168917000294],"transfer":[12064.748542010784,10657.213207989931],"token0To1":[12242.372916013002],"balanceOf":[297.94354099035263],"token1To0":[12373.86629101634],"getShares":[299.925125002861],"removeLiquidity":[22411.41379198432]}}