{"map":{"getTokens":[483.28750002384186],"approve":[16493.335790991783,9363.43829101324,7191.527082979679,10133.32937502861],"init":[11124.933749973774],"getReserves":[315.7075420022011],"addLiquidity":[7908.852124989033],"transfer":[25382.499000012875,8592.434625029564],"token0To1":[11364.176249980927],"balanceOf":[526.5733749866486],"token1To0":[11126.984249949455],"getShares":[309.1697090268135],"removeLiquidity":[9402.991874992847]}}