{"map":{"getTokens":[336.2461250126362],"approve":[57299.47583299875,8360.423584014177,11927.043291002512,12034.829833000898],"init":[10192.052500009537],"getReserves":[296.41454100608826],"addLiquidity":[11295.121750026941],"transfer":[14933.427709013224,10765.746749997139],"token0To1":[9148.542584002018],"balanceOf":[296.08733400702477],"token1To0":[10066.755791991949],"getShares":[703.1233330070972],"removeLiquidity":[12986.08624997735]}}