{"map":{"getTokens":[370.87504202127457],"approve":[7860.7666670084,12250.493041992188,24240.302790999413,9248.097333967686],"init":[11683.68795800209],"getReserves":[317.8920000195503],"addLiquidity":[10161.294333994389],"transfer":[12354.908749997616,12418.226499974728],"token0To1":[11194.6566670537],"balanceOf":[309.6250419616699],"token1To0":[12274.283167004585],"getShares":[312.9323750138283],"removeLiquidity":[11416.857291042805]}}