{"map":{"getTokens":[350.0891669988632],"approve":[15752.777832999825,12585.55508299172,10451.715457990766,22096.190249994397],"init":[11155.125500008464],"getReserves":[404.9412080049515],"addLiquidity":[12028.53795799613],"transfer":[10639.831000000238,26182.173666000366],"token0To1":[12037.750082999468],"balanceOf":[295.6691659986973],"token1To0":[10402.500166997313],"getShares":[464.24133299291134],"removeLiquidity":[13348.54408299923]}}