{"map":{"getTokens":[375.86687499284744],"approve":[15200.977540969849,11622.803457975388,12415.761249959469,11561.213666975498],"init":[12217.648000001907],"getReserves":[305.3386660218239],"addLiquidity":[17354.07704204321],"transfer":[17207.37083297968,11541.626459002495],"token0To1":[10527.676958024502],"balanceOf":[307.7810840010643],"token1To0":[23581.06212502718],"getShares":[329.3565840125084],"removeLiquidity":[10476.949083983898]}}