{"map":{"getTokens":[605.2717919945717],"approve":[9063.318583995104,11216.113124996424,11216.113124996424]}}