{"map":{"getTokens":[387.69549998641014],"approve":[19024.66654202342,12231.377541989088,10374.311625003815,34242.406540989876],"init":[10238.235917001963],"getReserves":[327.6265000104904],"addLiquidity":[10154.490416020155],"transfer":[12799.137416988611,34242.406540989876],"token0To1":[13269.32570797205],"balanceOf":[322.20591700077057]}}