{"map":{"getTokens":[424.76087498664856],"getReserves":[446.9050000011921],"addLiquidity":[8903.646250009537],"transfer":[12299.865667015314,10435.372583001852],"approve":[11619.317959010601,10584.41908299923],"token0To1":[13143.096415996552],"balanceOf":[314.8702079951763],"token1To0":[14503.364749997854],"getShares":[350.55145901441574],"removeLiquidity":[8349.058458983898]}}