{"map":{"getTokens":[362.221499979496],"approve":[6090.727707982063,23366.78604197502,23960.178958952427,12201.909040987492],"init":[12124.407290995121],"getReserves":[299.9437919855118],"addLiquidity":[11168.070917010307],"transfer":[11540.101000010967,23588.73787498474],"token0To1":[10388.366124987602],"balanceOf":[318.83350002765656],"token1To0":[10950.086959004402],"getShares":[318.05454099178314],"removeLiquidity":[24296.23649996519]}}