{"map":{"getTokens":[377.4464580118656],"approve":[9406.386832982302,10540.607791990042,11390.55766698718],"init":[13100.738834023476],"getReserves":[310.82324999570847],"addLiquidity":[22367.40833300352],"transfer":[11571.511667013168],"token0To1":[11390.55766698718]}}