{"map":{"getTokens":[355.6484579741955],"approve":[17516.351707994938,21495.762208998203,12199.893290996552,32654.421584010124],"init":[36214.271916002035],"getReserves":[320.56983399391174],"addLiquidity":[10718.8447920084],"transfer":[10036.252000004053,14648.688917011023],"token0To1":[12976.177249997854],"balanceOf":[299.68041601777077],"token1To0":[4267.9124999940395],"getShares":[299.563334017992],"removeLiquidity":[13227.437000006437]}}