{"map":{"getTokens":[350.0071659684181],"approve":[24605.64795899391,22100.665374994278,22118.599709033966,11913.855499982834],"init":[11442.667666971684],"getReserves":[320.04324996471405],"addLiquidity":[9071.147292017937],"transfer":[10499.415167033672,7291.559749960899],"token0To1":[24158.36208295822],"balanceOf":[310.6310830116272],"token1To0":[21161.150417029858],"getShares":[346.99895799160004],"removeLiquidity":[9210.728083968163]}}