{
    "map": {
        "getTokens": [
            346.45958299934864
        ],
        "approve": [
            21575.225792005658,
            25207.798333004117
        ],
        "init": [
            25207.798333004117
        ]
    }
}