{"map":{"getTokens":[352.9396249651909],"approve":[16142.075958013535,12064.595875024796,10258.272333025932,10397.12462502718],"init":[24684.948541998863],"getReserves":[317.76116597652435],"addLiquidity":[10305.85779196024],"transfer":[13576.454499959946,13055.464000046253],"token0To1":[11315.308499991894],"balanceOf":[338.43716698884964],"token1To0":[23516.845167040825],"getShares":[307.2099999785423],"removeLiquidity":[10449.695707976818]}}