{"map":{"getTokens":[392.0168749690056],"approve":[13896.442875027657,10193.868291020393,22180.370999991894,11138.4670830369],"init":[48500.02454102039],"getReserves":[321.64445799589157],"addLiquidity":[10216.224125027657],"transfer":[12325.824374973774,12210.051583945751],"token0To1":[11586.161458969116],"balanceOf":[321.50054198503494],"token1To0":[24190.70162498951],"getShares":[309.029708981514],"removeLiquidity":[35771.44383299351]}}