{"map":{"getTokens":[390.09654200077057],"approve":[17907.32316696644,11101.583791017532,23164.37979197502,9570.556999981403],"init":[10319.022624969482],"getReserves":[317.2329579591751],"addLiquidity":[10194.220542013645],"transfer":[9225.750750005245,10459.32808303833],"token0To1":[22869.519708037376],"balanceOf":[342.3957499861717],"token1To0":[24209.864417016506],"getShares":[307.6039590239525],"removeLiquidity":[31287.55062496662]}}