{"map":{"getTokens":[362.9941670000553],"approve":[13235.73829099536,10693.12083300203],"init":[10693.12083300203]}}