{"map":{"getTokens":[536.3941249847412],"approve":[14265.440916001797,13114.730916976929,11273.276250004768,11245.694833993912],"init":[10142.13979101181],"getReserves":[311.0710000395775],"addLiquidity":[23164.491874992847],"transfer":[13158.720916986465,11223.701207995415],"token0To1":[11158.99770796299],"balanceOf":[310.4248749613762],"token1To0":[11129.770958006382],"getShares":[299.9256249666214],"removeLiquidity":[11082.035166025162]}}