{
    "map": {
        "getTokens": [
            466.62354200333357
        ],
        "approve": [
            19213.317290998995,
            21257.49129100144,
            11613.419750005007,
            14391.538333006203
        ],
        "init": [
            11586.46920800209
        ],
        "getShares": [
            332.72025000303984
        ],
        "getReserves": [
            303.04783400148153
        ],
        "addLiquidity": [
            23122.95245900005
        ],
        "transfer": [
            10871.46483399719,
            7471.489624999464
        ],
        "token0To1": [
            26641.149625003338
        ],
        "balanceOf": [
            990.1176249980927
        ],
        "token1To0": [
            8684.012374997139
        ],
        "removeLiquidity": [
            13830.703417003155
        ]
    }
}