{"map":{"getTokens":[374.3569999933243],"approve":[17376.93604195118,12202.216957986355,12361.650417029858,12074.18562501669],"init":[10192.965709030628],"getReserves":[682.7672500014305],"addLiquidity":[12308.235333025455],"transfer":[9813.10808300972,22331.045333981514],"token0To1":[11332.154583990574],"balanceOf":[316.34362494945526],"token1To0":[12105.335250020027],"getShares":[625.0272499918938],"removeLiquidity":[22263.381416976452]}}