{"map":{"getTokens":[392.3161249756813],"approve":[9372.483749985695,10486.835707962513,10623.208332955837,11391.708124995232],"init":[11141.37662500143],"getReserves":[406.5702500343323],"addLiquidity":[8886.388333976269],"transfer":[22301.468707978725,9163.57820802927],"token0To1":[10767.57416599989],"balanceOf":[566.1218750476837],"token1To0":[15602.515582978725],"getShares":[349.0485000014305],"removeLiquidity":[39624.31412500143]}}