{"map":{"getTokens":[366.39158296585083],"approve":[12380.043333053589,12056.592875003815,11153.44158399105,32163.679332971573],"init":[10331.038582980633],"getReserves":[319.05362498760223],"addLiquidity":[12276.689999997616],"transfer":[12240.76204097271,14472.816042006016],"token0To1":[11221.49825000763],"balanceOf":[307.84458297491074],"token1To0":[12500.90754199028],"getShares":[305.1382079720497],"removeLiquidity":[24333.207166969776]}}