{"map":{"getTokens":[783.8755830228329],"approve":[20556.570917010307,10526.464792013168,13114.032959014177,11163.041291981936],"init":[12092.578875005245],"getReserves":[296.32733300328255],"addLiquidity":[11995.92383301258],"transfer":[23127.82129099965,11427.404958993196],"token0To1":[10289.615458011627],"balanceOf":[303.92033299803734],"token1To0":[13656.145999997854],"getShares":[306.9178750216961],"removeLiquidity":[22544.464749991894]}}