{"map":{"getTokens":[349.8683329820633],"approve":[28280.232374995947,11291.665207982063,9676.05066600442,12213.53137499094],"init":[10407.190499991179],"getReserves":[309.8014580011368],"addLiquidity":[11170.017875015736],"transfer":[13281.386417001486,11005.042207986116],"token0To1":[11654.650541007519],"balanceOf":[319.0957500040531],"token1To0":[11467.602708011866],"getShares":[302.362625002861],"removeLiquidity":[23287.13012498617]}}