{"map":{"getTokens":[343.8905000090599],"approve":[10311.821333020926,36393.738249987364,10895.960916996002,12081.832375019789],"init":[11239.186583012342],"getReserves":[296.3971669971943],"addLiquidity":[11024.283666998148],"transfer":[12474.07291597128,17036.784209012985],"token0To1":[30254.683624982834],"balanceOf":[448.62683299183846],"token1To0":[24493.310707986355],"getShares":[302.140291005373],"removeLiquidity":[14367.860708981752]}}