{"map":{"getTokens":[1610.1920829713345],"approve":[14702.768375009298,10397.197624981403,12169.862708985806,15904.327791005373],"init":[12021.115125000477],"getReserves":[300.6256250143051],"addLiquidity":[11021.276416003704],"transfer":[11434.565209001303,14755.347666978836],"token0To1":[12229.651666998863],"balanceOf":[314.8440000116825],"token1To0":[11183.83449998498],"getShares":[305.8270410001278],"removeLiquidity":[12366.407083004713]}}