{"map":{"getTokens":[365.99199998378754],"approve":[12267.49825000763,12497.787209004164,11170.616167008877,16722.871582984924],"init":[11266.833292007446],"getReserves":[350.0516670048237],"addLiquidity":[16819.133458018303],"transfer":[8146.377582997084,10636.985582977533],"token0To1":[9091.972625017166],"balanceOf":[302.23433300852776],"token1To0":[7542.697750002146],"getShares":[298.3830419778824],"removeLiquidity":[13668.316292017698]}}