{"map":{"getTokens":[341.6293330192566],"approve":[12549.805416047573,12549.805416047573]}}