{"map":{"getTokens":[345.235916018486],"approve":[8291.839332997799,10847.332875013351,11284.558875024319,11964.174082994461],"init":[18319.051124989986],"getReserves":[305.724249958992],"addLiquidity":[28206.8162920475],"transfer":[23251.353541970253,11926.655125021935],"token0To1":[23449.549709022045],"balanceOf":[300.91633301973343],"token1To0":[19115.824124991894],"getShares":[311.68183398246765],"removeLiquidity":[14362.26362502575]}}