{"map":{"getTokens":[379.48620796203613],"approve":[21713.623707950115,11625.295417010784,13419.139292001724,12082.484167039394],"init":[10923.37524998188],"getReserves":[321.2335000038147],"addLiquidity":[11724.319707989693],"transfer":[22719.631875038147,11373.53195798397],"token0To1":[10038.479333996773],"balanceOf":[320.3054170012474],"token1To0":[10455.9225410223],"getShares":[323.6715409755707],"removeLiquidity":[24359.341000020504]}}