{"map":{"getTokens":[388.17920899391174],"approve":[20155.78225004673,9163.449500024319,11818.35958302021,11189.537124991417],"init":[10367.737999975681],"getReserves":[314.0363330245018],"addLiquidity":[8667.494916975498],"transfer":[10149.272000014782,8454.93433302641],"token0To1":[12187.010416984558],"balanceOf":[312.07029098272324],"token1To0":[9285.06029099226],"getShares":[341.81562501192093],"removeLiquidity":[8301.365082979202]}}