{"map":{"getTokens":[383.9585409909487],"approve":[7489.097709000111,12229.53995899856,13028.694124996662,12984.608750000596],"init":[13103.82037499547],"getReserves":[293.1571660041809],"addLiquidity":[16831.65866599977],"transfer":[15368.752333000302,10212.024957999587],"token0To1":[23545.313458010554],"balanceOf":[300.4113750010729],"token1To0":[22504.816292002797],"getShares":[543.188958004117],"removeLiquidity":[11103.28970900178]}}