{"map":{"getTokens":[655.14954200387],"approve":[15567.513958007097,10422.71020899713,12497.092083007097,23522.83900000155],"init":[12383.002583995461],"getReserves":[364.17654100060463],"addLiquidity":[10504.690499991179],"transfer":[11224.840000003576,11294.178708001971],"token0To1":[11608.914959013462],"balanceOf":[307.00645799934864],"token1To0":[12260.52975000441],"getShares":[508.8725000023842],"removeLiquidity":[9351.144583001733]}}