{"map":{"getTokens":[361.0895420014858],"approve":[11109.483999997377,25222.53887499869,12306.11249999702,36739.46137499809],"init":[10229.049874991179],"getReserves":[304.933624997735],"addLiquidity":[11030.498458996415],"transfer":[23545.808083996177,11321.512333005667],"token0To1":[10750.506667003036],"balanceOf":[303.53245800733566],"token1To0":[11715.38587500155],"getShares":[303.79625000059605],"removeLiquidity":[10912.278875008225]}}