{"map":{"getTokens":[353.06937500834465],"approve":[7505.60358402133,11191.51725000143,13704.202000021935,21942.03808400035],"init":[11245.941666990519],"getReserves":[299.99866700172424],"addLiquidity":[11801.880457997322],"transfer":[11517.590416997671,23548.82499998808],"token0To1":[57620.743916004896],"balanceOf":[8579.209124982357],"token1To0":[12143.457666993141],"getShares":[298.88754200935364],"removeLiquidity":[10239.302166998386]}}