{"map":{"getTokens":[371.6486669778824],"approve":[8898.130499958992,12361.95383298397,24732.10545897484],"init":[11527.472874999046],"getReserves":[377.32954198122025],"addLiquidity":[10480.983375012875],"transfer":[22752.51283401251],"token0To1":[24732.10545897484]}}