{"map":{"getTokens":[357.141665995121],"approve":[17587.359790980816,12391.369792044163,23413.454249978065,11586.383249998093],"init":[10308.762125015259],"getReserves":[324.52458399534225],"addLiquidity":[11780.78541702032],"transfer":[11814.102750003338,10521.386040985584],"token0To1":[11472.745041966438],"balanceOf":[758.0304169654846],"token1To0":[15838.277208983898],"getShares":[373.3457499742508],"removeLiquidity":[18940.53233295679]}}