{"map":{"getTokens":[365.0209999680519],"approve":[5153.65866702795,10130.567583024502,12357.141624987125,24431.587374985218],"init":[26173.96654099226],"getReserves":[335.88312500715256],"addLiquidity":[9335.25287503004],"transfer":[12204.705250024796,10101.246541023254],"token0To1":[10562.759582996368],"balanceOf":[307.20529103279114],"token1To0":[24753.76308298111],"getShares":[365.07770800590515],"removeLiquidity":[35429.20945799351]}}