{"map":{"getTokens":[383.830708026886],"approve":[10130.803999960423,22133.230459034443,9226.626499950886,13612.900499999523],"init":[25355.567542016506],"getReserves":[314.6674590110779],"addLiquidity":[18442.002291977406],"transfer":[11123.160708010197,8065.994499981403],"token0To1":[11231.118375003338],"balanceOf":[300.0278339982033],"token1To0":[9287.00291699171],"getShares":[303.4932919740677],"removeLiquidity":[21294.5010420084]}}