{"map":{"getTokens":[359.65554201602936],"approve":[9603.559166014194,48434.00862497091,11194.463292002678,10198.869416952133],"init":[11230.852875053883],"getReserves":[312.55658400058746],"addLiquidity":[11077.793457984924],"transfer":[12160.188250005245,11505.858833014965],"token0To1":[12143.308208048344],"balanceOf":[315.7400420308113],"token1To0":[23241.132541954517],"getShares":[296.1100839972496],"removeLiquidity":[296.1100839972496]}}