{"map":{"getTokens":[398.59216701984406],"approve":[14352.11020797491,10233.680750012398,23113.987374961376,11488.539375007153],"init":[11569.712709009647],"getReserves":[726.9554159641266],"addLiquidity":[8807.445874989033],"transfer":[10427.113582968712,16924.15720796585],"token0To1":[25298.99904203415],"balanceOf":[309.76087498664856],"token1To0":[22604.576583981514],"getShares":[381.06950002908707],"removeLiquidity":[34052.77554100752]}}