{"map":{"getTokens":[381.5582919716835],"approve":[13603.913875043392,11242.208500027657,10475.675249993801,12225.414084017277],"init":[11365.96712499857],"getReserves":[340.3828749656677],"addLiquidity":[10394.100333034992],"transfer":[13313.789791047573,11087.571582973003],"token0To1":[10977.537999987602],"balanceOf":[486.49433398246765],"token1To0":[13378.187790989876],"getShares":[323.2897080183029],"removeLiquidity":[20660.778207957745]}}