{"map":{"getTokens":[356.09145799279213],"approve":[7011.929958999157,10704.141582995653,24128.509124994278,24539.04629200697],"init":[13015.550667017698],"getReserves":[379.9975410103798],"addLiquidity":[9413.91666701436],"transfer":[12233.378917008638,9608.337541013956],"token0To1":[12738.964875012636],"balanceOf":[301.2627499997616],"token1To0":[11077.438291996717],"getShares":[299.2802909910679],"removeLiquidity":[11290.986084014177]}}