{"map":{"getTokens":[385.004958987236],"approve":[9257.996583044529,11673.948207974434,11302.518208026886,9902.918041050434],"init":[9808.505791962147],"getReserves":[310.0235829949379],"addLiquidity":[23456.854583978653],"transfer":[7750.296000003815,32883.41699999571],"token0To1":[23552.179082989693],"balanceOf":[318.695582985878],"token1To0":[10800.04570800066],"getShares":[308.20208299160004],"removeLiquidity":[8671.452499985695]}}