{"map":{"getTokens":[362.12083399295807],"approve":[6197.457083016634,12197.784958004951,24948.97625002265,24157.593707978725],"init":[11730.358291000128],"getReserves":[297.03812500834465],"addLiquidity":[10570.577749997377],"transfer":[12263.099249988794,12189.762374997139],"token0To1":[8305.156625002623],"balanceOf":[298.01491698622704],"token1To0":[29092.07649999857],"getShares":[301.86587500572205],"removeLiquidity":[10852.424250006676]}}