{"map":{"getTokens":[417.9237499833107],"approve":[26698.75508403778,11713.08208400011,10457.378207981586,35679.684207975864],"init":[10442.827165961266],"getReserves":[373.0658330321312],"addLiquidity":[11670.158999979496],"transfer":[11882.058250010014,10460.215875029564],"token0To1":[13390.79874998331],"balanceOf":[335.6026669740677],"token1To0":[10938.987542033195],"getShares":[334.6359579563141],"removeLiquidity":[10743.90366601944]}}