{"map":{"getTokens":[386.1553339958191],"approve":[7175.586042016745,11403.489791989326,13049.336833000183,8464.861541986465],"init":[10380.887958019972],"getReserves":[319.6894589960575],"addLiquidity":[11302.510917007923],"transfer":[10705.299540996552,26251.07095900178],"token0To1":[11304.284083992243],"balanceOf":[300.15033397078514],"token1To0":[11228.424500018358],"getShares":[326.45370799303055],"removeLiquidity":[10198.538709014654]}}