{"map":{"getTokens":[391.7946249842644],"approve":[8245.614207983017,12762.970750004053,11619.920625001192,11449.853082984686],"init":[10771.756624996662],"getReserves":[337.9857080280781],"addLiquidity":[12521.47674998641],"transfer":[9286.67950001359,34577.33429199457],"token0To1":[13045.51399999857],"balanceOf":[332.8855829834938],"token1To0":[11428.64987501502],"getShares":[803.3208749890327],"removeLiquidity":[10894.88149997592]}}