{"map":{"getTokens":[367.72687500715256],"approve":[10311.40195800364,9118.601541996002,24377.62245799601,11764.377499997616],"init":[13937.896166011691],"getReserves":[293.9476249963045],"addLiquidity":[9449.53091700375],"transfer":[13354.930749997497,10073.233042001724],"token0To1":[21869.778999999166],"balanceOf":[603.0668749958277],"token1To0":[11616.504084005952],"getShares":[299.5168749988079],"removeLiquidity":[12155.774457991123]}}