{"map":{"getTokens":[350.41533298790455],"approve":[9638.758249998093,21830.224459007382,11161.155124992132,9075.503083989024],"init":[21600.339207991958],"getReserves":[336.6207500100136],"addLiquidity":[9400.855000004172],"transfer":[12219.009000003338,13224.3655000031],"token0To1":[36404.55499999225],"balanceOf":[308.9785420000553],"token1To0":[12586.866042003036],"getShares":[296.4258330017328],"removeLiquidity":[10107.849915996194]}}