{"map":{"getTokens":[345.410458996892],"approve":[10436.490417003632,23131.652457997203,23608.914750009775,23309.582791998982],"init":[12402.39329200983],"getReserves":[299.07516700029373],"addLiquidity":[23310.342542007565],"transfer":[10918.197667002678,12600.618833005428],"token0To1":[22889.45762500167],"balanceOf":[293.25579100847244],"token1To0":[12569.693083003163],"getShares":[303.1679169982672],"removeLiquidity":[10142.239332988858]}}