{"map":{"getTokens":[349.7167500257492],"approve":[13627.20112502575,20306.864457964897,10436.01829200983,23374.832333028316],"init":[11184.627541005611],"getReserves":[303.8994160294533],"addLiquidity":[11078.377624988556],"transfer":[13228.608624994755,11209.120125055313],"token0To1":[11317.410542011261],"balanceOf":[299.12279200553894],"token1To0":[11102.414875030518],"getShares":[303.52479100227356],"removeLiquidity":[24108.858165979385]}}