{"map":{"getTokens":[647.7705840021372],"approve":[21538.68516600132,36925.59499999881,10295.591875001788],"init":[10616.05695899576],"getReserves":[327.92941600084305],"addLiquidity":[11457.701792001724],"transfer":[11194.51841700077],"token0To1":[10295.591875001788]}}