{"map":{"getTokens":[364.2207909822464],"approve":[15457.916666984558,11355.354665994644,11372.360707998276,23536.465083003044],"init":[14032.703041017056],"getReserves":[648.1894580125809],"addLiquidity":[10320.889207988977],"transfer":[9533.624166995287,10261.48633301258],"token0To1":[14267.255457997322],"balanceOf":[328.74616700410843],"token1To0":[11766.284666985273],"getShares":[306.79066601395607],"removeLiquidity":[23526.32129201293]}}