{"map":{"getTokens":[497.55487501621246],"approve":[13253.125915944576,12291.440582990646,31420.633832991123,10216.464416980743],"init":[11871.446332991123],"getReserves":[313.78712499141693],"addLiquidity":[23155.396375000477],"transfer":[34961.04679197073,23244.219375014305],"token0To1":[16321.930666983128],"balanceOf":[375.1674169898033],"token1To0":[13131.881916999817],"getShares":[316.809750020504],"removeLiquidity":[10841.652749955654]}}