{"map":{"getTokens":[369.8123340010643],"approve":[20358.150749981403,12027.569167017937,22532.60449999571,12968.732333004475],"init":[11507.421667009592],"getReserves":[319.7396669983864],"addLiquidity":[36456.83908298612],"transfer":[11123.478875011206,22262.091499984264],"token0To1":[23886.617708981037],"balanceOf":[310.54983299970627],"token1To0":[9835.210833013058],"getShares":[328.4083749949932],"removeLiquidity":[12284.68679100275]}}