{"map":{"getTokens":[832.5394579768181],"approve":[27627.616833001375,10041.477333009243,10175.309875011444,10046.342958003283],"init":[11180.494417011738],"getReserves":[294.5329590141773],"addLiquidity":[23478.091333001852],"transfer":[12836.6457079947,22110.15020799637],"token0To1":[12002.686791986227],"balanceOf":[2887.142500013113],"token1To0":[12251.834458976984],"getShares":[298.026625007391],"removeLiquidity":[18973.87475001812]}}