{"map":{"getTokens":[351.68124997615814],"approve":[32637.04212498665,9309.083750009537,11246.15320801735,20193.456791996956],"init":[12203.79862499237],"getReserves":[320.1221250295639],"addLiquidity":[10360.517167031765],"transfer":[12013.739124953747,14172.876083016396],"token0To1":[23211.32300001383],"balanceOf":[571.1534589529037],"token1To0":[20193.456791996956]}}