{"map":{"getTokens":[367.75241699814796],"approve":[52656.39008298516,9663.755000025034,23299.057291984558],"init":[10029.174707978964],"getReserves":[314.0828330218792],"addLiquidity":[12366.709375023842],"transfer":[22064.59187501669,354.58108299970627],"token0To1":[12382.985790997744],"balanceOf":[354.58108299970627]}}