{"map":{"getTokens":[360.76995900273323],"approve":[5273.003417015076,11221.174374997616,12121.585500001907,12394.025708019733],"init":[12821.85637497902],"getReserves":[298.3112079799175],"addLiquidity":[10354.853209018707],"transfer":[11121.503958016634,33419.08774998784],"token0To1":[13357.58725002408],"balanceOf":[300.3318749964237],"token1To0":[22634.801165997982],"getShares":[408.81091701984406],"removeLiquidity":[23404.055458009243]}}