{"map":{"getTokens":[1241.4575829803944],"approve":[13173.02929198742,9278.877750009298,10592.413958996534,35258.96595799923],"init":[16102.163708001375],"getReserves":[4016.440957993269],"addLiquidity":[17179.637542009354],"transfer":[13540.51933401823,24035.534541994333],"token0To1":[11094.38087502122],"balanceOf":[309.84758400917053],"token1To0":[11108.473125010729],"getShares":[299.56566601991653],"removeLiquidity":[11065.058292001486]}}