{"map":{"getTokens":[375.074874997139],"approve":[21528.73112499714,22966.700165987015],"init":[22966.700165987015]}}