{"map":{"getTokens":[342.9115839600563],"approve":[15291.903833985329,7749.307374954224,10215.709167003632,22623.96566694975],"init":[11524.585709035397],"getReserves":[325.4877089858055],"addLiquidity":[8196.727082967758],"transfer":[11282.599834024906,7287.893665969372],"token0To1":[12366.714082956314],"balanceOf":[445.029708981514],"token1To0":[9735.60554099083],"getShares":[313.7703749537468],"removeLiquidity":[21168.764082968235]}}