{"map":{"getTokens":[337.8994170129299],"approve":[15122.40929198265,13288.223292022943,23504.012667000294,12881.55095899105],"init":[10289.647000014782],"getReserves":[310.26766699552536],"addLiquidity":[10542.976833999157],"transfer":[12182.765707999468,11202.375417023897],"token0To1":[11469.866999983788],"balanceOf":[309.8589159846306],"token1To0":[10078.677749991417],"getShares":[293.62033399939537],"removeLiquidity":[11286.946541011333]}}