{"map":{"getTokens":[360.49362498521805],"approve":[14159.044458031654,10474.358082950115,11302.003624975681],"init":[12139.35995900631],"getReserves":[300.0971249938011],"addLiquidity":[10998.664959013462],"transfer":[12388.689791977406],"token0To1":[11302.003624975681]}}