{"map":{"getTokens":[398.2056249976158],"approve":[9100.754124999046,13033.56112498045,12635.72037500143,24687.34283399582],"init":[10581.887707978487],"getReserves":[302.0310840010643],"addLiquidity":[11031.878374993801],"transfer":[23755.4666659832,22096.678500026464],"token0To1":[10268.637291997671],"balanceOf":[734.7299170196056],"token1To0":[13055.78429198265],"getShares":[295.64779099822044],"removeLiquidity":[24564.14733299613]}}