{"map":{"getTokens":[500.84074997901917],"approve":[12524.793959021568,9146.236292004585,11789.334250032902,24293.22466701269],"init":[24268.191250026226],"getReserves":[317.0636249780655],"addLiquidity":[8188.756624996662],"transfer":[23411.37779098749,9133.061042010784],"token0To1":[9324.909792006016],"balanceOf":[300.5697920322418],"token1To0":[8432.135500013828]}}