{"map":{"getTokens":[544.3757079839706],"approve":[45090.43875002861,10535.962291955948,11680.004916965961,13331.573125004768],"init":[10774.429208993912],"getReserves":[361.7760000228882],"addLiquidity":[11699.40787500143],"transfer":[10493.756416976452,8661.957917034626],"token0To1":[25351.500292003155],"balanceOf":[368.93266600370407],"token1To0":[9959.271874964237],"getShares":[737.5095829963684],"removeLiquidity":[10589.433916985989]}}