{"map":{"getTokens":[358.5854579806328],"approve":[7489.90487498045,10265.788916051388,9100.049791038036,10843.499125003815],"init":[10273.630375027657],"getReserves":[315.0941249728203],"addLiquidity":[21499.07954198122],"transfer":[12256.677875041962,8199.802915990353],"token0To1":[11224.25304198265],"balanceOf":[315.5546660423279],"token1To0":[12322.194250047207],"getShares":[600.7782499790192],"removeLiquidity":[7140.2883749604225]}}