{"map":{"getTokens":[339.981791973114],"approve":[9312.708999991417,12287.147958993912,10187.348749995232,11164.22062498331],"init":[11237.180541992188],"getReserves":[662.5181670188904],"addLiquidity":[9219.886834025383],"transfer":[14277.914959013462,8861.24399998784],"token0To1":[13379.174832999706],"balanceOf":[332.04074999690056],"token1To0":[25339.037874996662],"getShares":[302.6463330090046],"removeLiquidity":[23404.44812500477]}}