{"map":{"getTokens":[452.552708029747],"approve":[11702.73274999857,12197.327957987785,11445.541458010674,11942.339083969593],"init":[10899.769958019257],"getReserves":[330.9239159822464],"addLiquidity":[10341.653665959835],"transfer":[12334.324750006199,9301.51470798254],"token0To1":[13285.46712499857],"balanceOf":[337.2804160118103],"token1To0":[24200.12416702509],"getShares":[313.1968750357628],"removeLiquidity":[11203.698000013828]}}