{"map":{"getTokens":[923.8442090153694],"approve":[16401.501542001963,9020.74399998784,12233.17233300209,11112.270792007446],"init":[13023.361416995525],"getReserves":[314.3748750090599],"addLiquidity":[21276.107708990574],"transfer":[11023.256042003632,10596.886875003576],"token0To1":[48626.897042006254],"balanceOf":[294.79808300733566],"token1To0":[12531.947167009115],"getShares":[304.19183400273323],"removeLiquidity":[24278.60358300805]}}